mission,country,crew,dates,Year,Decade,notes
Vostok 1,U.S.S.R.,Yury Gagarin,4/12/1961,1961,1960,first person in space
Mercury-Redstone 3 (Freedom 7),U.S.,Alan Shepard,5/5/1961,1961,1960,first American in space
Mercury-Redstone 4 (Liberty Bell 7),U.S.,Virgil Grissom,7/21/1961,1961,1960,spacecraft sank during splashdown after Grissom's exit
Vostok 2,U.S.S.R.,Gherman Titov,"Aug. 6–7, 1961",1961,1960,first to spend more than one day in space; youngest person (25 years old) in space
Mercury-Atlas 6 (Friendship 7),U.S.,John Glenn,"Feb. 20, 1962",1962,1960,first American in orbit
Mercury-Atlas 7 (Aurora 7),U.S.,Scott Carpenter,5/24/1962,1962,1960,part of flight directed by manual control
Vostok 3,U.S.S.R.,Adriyan Nikolayev,"Aug. 11–15, 1962",1962,1960,first simultaneous flight of two spacecraft
Vostok 4,U.S.S.R.,Pavel Popovich,"Aug. 12–15, 1962",1962,1960,first simultaneous flight of two spacecraft
Mercury-Atlas 8 (Sigma 7),U.S.,"Walter Schirra, Jr.","Oct. 3, 1962",1962,1960,first longer-duration U.S. flight (9 hours 13 minutes)
Mercury-Atlas 9 (Faith 7),U.S.,"L. Gordon Cooper, Jr.","May 15–16, 1963",1963,1960,first U.S. flight longer than one day
Vostok 5,U.S.S.R.,Valery Bykovsky,"June 14–19, 1963",1963,1960,longest solo spaceflight
Vostok 6,U.S.S.R.,Valentina Tereshkova,"June 16–19, 1963",1963,1960,first woman in space
X-15 Flight 90,U.S.,Joseph Walker,7/19/1963,1963,1960,first aircraft to fly into space
X-15 Flight 91,U.S.,Joseph Walker,"Aug. 22, 1963",1963,1960,set unofficial altitude record of 108 km (67 miles)
Voskhod 1,U.S.S.R.,Vladimir Komarov; Konstantin Feoktistov; Boris Yegorov,"Oct. 12–13, 1964",1964,1960,first multiperson crewed spacecraft; first doctor in space (Yegorov)
Voskhod 2,U.S.S.R.,Pavel Belyayev; Aleksey Leonov,"March 18–19, 1965",1965,1960,first person to walk in space (Leonov)
Gemini 3,U.S.,Virgil Grissom; John Young,3/23/1965,1965,1960,first spacecraft to maneuver in orbit
Gemini 4,U.S.,James McDivitt; Edward White,"June 3–7, 1965",1965,1960,first American to walk in space (White)
Gemini 5,U.S.,"L. Gordon Cooper, Jr.; Charles Conrad","Aug. 21–29, 1965",1965,1960,new space endurance record (7 days 23 hours)
Gemini 7,U.S.,"Frank Borman; James Lovell, Jr.","Dec. 4–18, 1965",1965,1960,new space endurance record (13 days 19 hours)
Gemini 6,U.S.,"Walter Schirra, Jr.; Thomas Stafford","Dec. 15–16, 1965",1965,1960,first rendezvous of two crewed spacecraft (Gemini 6 and 7)
Gemini 8,U.S.,Neil Armstrong; David Scott,"March 16–17, 1966",1966,1960,first docking of two spacecraft
Gemini 9,U.S.,Thomas Stafford; Eugene Cernan,"June 3–6, 1966",1966,1960,unable to dock with Agena rocket stage
Gemini 10,U.S.,John Young; Michael Collins,"July 18–21, 1966",1966,1960,first space walk from one spacecraft to another
Gemini 11,U.S.,Charles Conrad; Richard Gordon,"Sept. 12–15, 1966",1966,1960,first spacecraft docking on first orbit after launch
Gemini 12,U.S.,"James Lovell, Jr.; Edwin (""Buzz"") Aldrin","Nov. 11–15, 1966",1966,1960,three space walks (Aldrin) that solved problems (exhaustion and suit overheating) from previous flights
Soyuz 1,U.S.S.R.,Vladimir Komarov,"April 23–24, 1967",1967,1960,first spaceflight casualty; parachute deployed incorrectly during reentry
Apollo 7,U.S.,"Walter Schirra, Jr.; Donn Eisele; Walter Cunningham","Oct. 11–22, 1968",1968,1960,first crewed flight of Apollo spacecraft; first illness suffered in space
Soyuz 3,U.S.S.R.,Georgy Beregovoy,"Oct. 26–30, 1968",1968,1960,attempted to dock with uncrewed Soyuz 2
Apollo 8,U.S.,"William Anders; Frank Borman; James Lovell, Jr.","Dec. 21–27, 1968",1968,1960,first to fly around the Moon
Soyuz 4,U.S.S.R.,Vladimir Shatalov; Aleksey Yeliseyev (down); Yevgeny Khrunov (down),"Jan. 14–17, 1969",1969,1960,docked with Soyuz 5 on Jan. 16
Soyuz 5,U.S.S.R.,Boris Volynov; Aleksey Yeliseyev (up); Yevgeny Khrunov (up),"Jan. 15–18, 1969",1969,1960,Yeliseyev and Khrunov spacewalked to Soyuz 4
Apollo 9,U.S.,James McDivitt; David Scott; Russell Schweickart,"March 3–13, 1969",1969,1960,test of Lunar Module in Earth orbit
Apollo 10,U.S.,Thomas Stafford; John Young; Eugene Cernan,"May 18–26, 1969",1969,1960,rehearsal for first Moon landing
Apollo 11,U.S.,"Neil Armstrong; Edwin (""Buzz"") Aldrin; Michael Collins","July 16–24, 1969",1969,1960,first to walk on the Moon (Armstrong and Aldrin)
Soyuz 6,U.S.S.R.,Georgy Shonin; Valery Kubasov,"Oct. 11–16, 1969",1969,1960,Kubasov performed welding experiments; rendezvous with Soyuz 7 and 8
Soyuz 7,U.S.S.R.,Anatoly Filipchenko; Vladislav Volkov; Viktor Gorbatko,"Oct. 12–17, 1969",1969,1960,unsuccessful attempt to dock with Soyuz 8
Soyuz 8,U.S.S.R.,Vladimir Shatalov; Aleksey Yeliseyev,"Oct. 13–18, 1969",1969,1960,unsuccessful attempt to dock with Soyuz 7
Apollo 12,U.S.,Charles Conrad; Richard Gordon; Alan Bean,"Nov. 14–24, 1969",1969,1960,landed near uncrewed Surveyor 3 space probe
Apollo 13,U.S.,"James Lovell, Jr.","April 11–17, 1970",1970,1970,"farthest from Earth (401,056 km [249,205 miles]); survived oxygen tank explosion"
,,"Fred Haise, Jr.",,1970,1970,
,,Jack Swigert,,1970,1970,
Soyuz 9,U.S.S.R.,Andriyan Nikolayev,"June 1–19, 1970",1970,1970,new space endurance record (17 days 17 hours)
,,Vitaly Sevastiyanov,,1970,1970,
Apollo 14,U.S.,Alan Shepard,"Jan. 31–Feb. 9, 1971",1971,1970,first use of modular equipment transporter (MET)
,,Stuart Roosa,,1971,1970,
,,Edgar Mitchell,,1971,1970,
Soyuz 10,U.S.S.R.,Vladimir Shatalov,"April 22–24, 1971",1971,1970,"docked with Salyut space station, but faulty hatch on Soyuz did not allow crew to enter"
,,Aleksey Yeliseyev,,1971,1970,
,,Nikolay Rukavishnikov,,1971,1970,
Soyuz 11/Salyut 1,U.S.S.R.,Georgy Dobrovolsky,"June 6–29, 1971",1971,1970,new space endurance record (23 days 18 hours); first stay on a space station (Salyut); crew died when capsule depressurized during reentry
,,Viktor Patsayev,,1971,1970,
,,Vladislav Volkov,,1971,1970,
Apollo 15,U.S.,David Scott,"July 26–Aug. 7, 1971",1971,1970,first use of lunar rover
,,Alfred Worden,,1971,1970,
,,James Irwin,,1971,1970,
Apollo 16,U.S.,John Young,"April 16–27, 1972",1972,1970,first landing in lunar highlands
,,Thomas Mattingly,,1972,1970,
,,Charles Duke,,1972,1970,
Apollo 17,U.S.,Eugene Cernan,"Dec. 7–19, 1972",1972,1970,last to walk on the Moon (Cernan and Schmitt)
,,Harrison Schmitt,,1972,1970,
,,Ron Evans,,1972,1970,
Skylab 2,U.S.,Charles Conrad,"May 25–June 22, 1973",1973,1970,new space endurance record (28 days 1 hour)
,,Joseph Kerwin,,1973,1970,
,,Paul Weitz,,1973,1970,
Skylab 3,U.S.,Alan Bean,"July 28–Sept. 25, 1973",1973,1970,new space endurance record (59 days 11 hours)
,,Owen Garriott,,1973,1970,
,,Jack Lousma,,1973,1970,
Soyuz 12,U.S.S.R.,Vasily Lazarev,"Sept. 27–29, 1973",1973,1970,tested modifications to Soyuz since Soyuz 11 disaster
,,Oleg Makarov,,1973,1970,
Skylab 4,U.S.,Gerald Carr,"Nov. 16, 1973–Feb. 8, 1974",1973,1970,new space endurance record (84 days 1 hour)
,,Edward Gibson,,1973,1970,
,,William Pogue,,1973,1970,
Soyuz 13,U.S.S.R.,Pyotr Klimuk,"Dec. 18–26, 1973",1973,1970,"first spaceflight devoted to one instrument, the Orion ultraviolet telescope"
,,Valentin Lebedev,,1973,1970,
Soyuz 14/Salyut 3,U.S.S.R.,Pavel Popovich,"July 3–19, 1974",1974,1970,first mission to military space station
,,Yury Artyukhin,,1974,1970,
Soyuz 15,U.S.S.R.,Gennady Sarafanov,"Aug. 26–28, 1974",1974,1970,failed to dock with Salyut 3
,,Lev Dyomin,,1974,1970,
Soyuz 16,U.S.S.R.,Anatoly Filipchenko,"Dec. 2–8, 1974",1974,1970,rehearsal for Apollo-Soyuz Test Project
,,Nikolay Rukavishnikov,,1974,1970,
Soyuz 17/Salyut 4,U.S.S.R.,Alexey Gubarev,"Jan. 11–Feb. 10, 1975",1975,1970,"conducted studies in meteorology, solar astronomy, atmospheric physics"
,,Georgy Grechko,,1975,1970,
Soyuz 18-1,U.S.S.R.,Vasily Lazarev,5-Apr-75,1975,1970,"third stage failed, forcing emergency landing"
,,Oleg Makarov,,1975,1970,
Soyuz 18/Salyut 4,U.S.S.R.,Pyotr Klimuk,"May 24–July 26, 1975",1975,1970,continued experiments begun on Soyuz 17
,,Vitaly Sevastyanov,,1975,1970,
Soyuz 19,U.S.S.R.,Aleksey Leonov,"July 15–21, 1975",1975,1970,docked in space with Apollo
,,Valery Kubasov,,1975,1970,
Apollo (Apollo-Soyuz Test Project),U.S.,Thomas Stafford,"July 15–24, 1975",1975,1970,docked in space with Soyuz 19
,,Vance Brand,,1975,1970,
,,"Donald (""Deke"") Slayton",,1975,1970,
Soyuz 21/Salyut 5,U.S.S.R.,Boris Volynov,"July 6–Aug. 24, 1976",1976,1970,mission aborted because of noxious odour
,,Vitaly Zholobov,,1976,1970,
Soyuz 22/Salyut 5,U.S.S.R.,Valery Bykovsky,"Sept. 15–23, 1976",1976,1970,photographed parts of East Germany in multiple wavelengths
,,Vladimir Aksyonov,,1976,1970,
Soyuz 23,U.S.S.R.,Vyacheslav Zudov,"Oct. 14–16, 1976",1976,1970,failed to dock with Salyut 5
,,Valery Rozhdestvensky,,1976,1970,
Soyuz 24/Salyut 5,U.S.S.R.,Viktor Gorbatko,"Feb. 7–25, 1977",1977,1970,replaced entire air supply of Salyut 5
,,Yury Glazkov,,1977,1970,
Soyuz 25,U.S.S.R.,Vladimir Kovalyonok,"Oct. 9–11, 1977",1977,1970,failed to dock with Salyut 5
,,Valery Ryumin,,1977,1970,
Soyuz 26/Salyut 6/Soyuz 27,U.S.S.R.,Yuri Romanenko,"Dec. 10, 1977–March 16, 1978",1978,1970,new space endurance record (96 days 10 hours)
,,Georgy Grechko,,1978,1970,
Soyuz 27/Salyut 6/Soyuz 26,U.S.S.R.,Vladimir Dzhanibekov,"Jan. 10–16, 1978",1978,1970,first crew to return to Earth in different vessel than they launched in
,,Oleg Makarov,,1978,1970,
Soyuz 28/Salyut 6,U.S.S.R.,Aleksey Gubarev,"March 2–10, 1978",1978,1970,first Czech astronaut (Remek)
,,Vladimir Remek,,1978,1970,
Soyuz 29/Salyut 6/Soyuz 31,U.S.S.R.,Vladimir Kovalyonok,"June 15–Nov. 2, 1978",1978,1970,new space endurance record (139 days 15 hours)
,,Aleksandr Ivanchenkov,,1978,1970,
Soyuz 30/Salyut 6,U.S.S.R.,Pyotr Klimuk,"June 27–July 5, 1978",1978,1970,first Polish astronaut (Hermaszewski)
,,Miroslaw Hermaszewski,,1978,1970,
Soyuz 31/Salyut 6/Soyuz 29,U.S.S.R.,Valery Bykovsky,"Aug. 26–Sept. 3, 1978",1978,1970,first German astronaut (Jähn)
,,Sigmund Jähn,,1978,1970,
Soyuz 32/Salyut 6/Soyuz 34,U.S.S.R.,Vladimir Lyakhov,"Feb. 25–Aug. 19, 1979",1979,1970,new space endurance record (175 days 1 hour)
,,Valery Ryumin,,1979,1970,
Soyuz 33,U.S.S.R.,Nikolay Rukavishnikov,"April 10–12, 1979",1979,1970,first Bulgarian astronaut (Ivanov)
,,Georgy Ivanov,,1979,1970,
Soyuz 35/Salyut 6/Soyuz 37,U.S.S.R.,Leonid Popov,"April 9–Oct. 11, 1980",1980,1980,new space endurance record (184 days 20 hours)
,,Valery Ryumin,,1980,1980,
Soyuz 36/Salyut 6/Soyuz 35,U.S.S.R.,Valery Kubasov,"May 26–June 3, 1980",1980,1980,first Hungarian astronaut (Farkas)
,,Bertalan Farkas,,1980,1980,
Soyuz T-2/Salyut 6,U.S.S.R.,Yuri Malyshev,"June 5–9, 1980",1980,1980,test flight of updated Soyuz
,,Vladimir Aksyonov,,1980,1980,
Soyuz 37/Salyut 6/Soyuz 36,U.S.S.R.,Viktor Gorbatko,"July 23–31, 1980",1980,1980,first Vietnamese astronaut (Tuan)
,,Pham Tuan,,1980,1980,
Soyuz 38/Salyut 6,U.S.S.R.,Yury Romanenko,"Sept. 18–26, 1980",1980,1980,first Cuban astronaut (Tamayo Méndez)
,,Arnaldo Tamayo Méndez,,1980,1980,
Soyuz T-3/Salyut 6,U.S.S.R.,Leonid Kizim,"Nov. 27–Dec. 10, 1980",1980,1980,conducted maintenance and repairs of Salyut 6
,,Oleg Makarov,,1980,1980,
,,Gennady Strekalov,,1980,1980,
Soyuz T-4/Salyut 6,U.S.S.R.,Vladimir Kovalyonok,"March 12–May 26, 1981",1981,1980,conducted biomedical experiments
,,Viktor Savinkyh,,1981,1980,
Soyuz 39/Salyut 6,U.S.S.R.,Vladimir Dzhanibekov,"March 22–30, 1981",1981,1980,first Mongolian astronaut (Gurragcha)
,,Jugderdemidiin Gurragcha,,1981,1980,
STS-1 (Columbia),U.S.,John Young,"April 12–14, 1981",1981,1980,first space shuttle flight
,,Robert Crippen,,1981,1980,
Soyuz 40/Salyut 6,U.S.S.R.,Leonid Popov,"May 14–22, 1981",1981,1980,first Romanian astronaut (Prunariu)
,,Dumitru Prunariu,,1981,1980,
STS-2 (Columbia),U.S.,Joseph Engle,"Nov. 12–14, 1981",1981,1980,first reuse of a crewed spacecraft
,,Richard Truly,,1981,1980,
STS-3 (Columbia),U.S.,Jack Lousma,"March 22–30, 1982",1982,1980,conducted biological experiments and operated manipulator arm
,,Gordon Fullerton,,1982,1980,
Soyuz T-5/Salyut 7/Soyuz T-7,U.S.S.R.,Anatoly Berezovoy,"May 13–Dec. 10, 1982",1982,1980,new space endurance record (211 days 9 hours)
,,Valentin Lebedev,,1982,1980,
Soyuz T-6/Salyut 7,U.S.S.R.,Vladimir Dzhanibekov,"June 24–July 2, 1982",1982,1980,first French astronaut (Chrétien)
,,Aleksandr Ivanchenkov,,1982,1980,
,,Jean-Loup Chrétien,,1982,1980,
STS-4 (Columbia),U.S.,Thomas Mattingly,"June 27–July 4, 1982",1982,1980,"first Getaway Specials, which were small, inexpensive experiments carried in payload bay"
,,Henry Hartsfield,,1982,1980,
Soyuz T-7/Salyut 7/Soyuz T-5,U.S.S.R.,Leonid Popov,"Aug. 19–27, 1982",1982,1980,second woman in space (Savitskaya)
,,Aleksandr Serebrov,,1982,1980,
,,Svetlana Savitskaya,,1982,1980,
STS-5 (Columbia),U.S.,Vance Brand,"Nov. 11–16, 1982",1982,1980,first four-person spaceflight; deployed two communication satellites
,,Robert Overmyer,,1982,1980,
,,William Lenoir,,1982,1980,
,,Joseph Allen,,1982,1980,
STS-6 (Challenger),U.S.,Paul Weitz,"April 4–9, 1983",1983,1980,tested space shuttle spacesuits for the first time
,,Karol Bobko,,1983,1980,
,,Story Musgrave,,1983,1980,
,,Donald Peterson,,1983,1980,
Soyuz T-8,U.S.S.R.,Vladimir Titov,"April 20–22, 1983",1983,1980,failed to dock with Salyut 7
,,Gennady Strekalov,,1983,1980,
,,Aleksandr Serebrov,,1983,1980,
STS-7 (Challenger),U.S.,Robert Crippen,"June 18–24, 1983",1983,1980,first American woman in space (Ride); first five-person spaceflight
,,Frederick Hauck,,1983,1980,
,,John Fabian,,1983,1980,
,,Sally Ride,,1983,1980,
,,Norman Thagard,,1983,1980,
Soyuz T-9/Salyut 7,U.S.S.R.,Vladimir Lyakhov,"June 27–Nov. 23, 1983",1983,1980,attached Salyut 7 to experimental solar cell battery
,,Aleksandr Pavlovich Aleksandrov,,1983,1980,
,,,,1983,1980,
STS-8 (Challenger),U.S.,Richard Truly,"Aug. 30–Sept. 5, 1983",1983,1980,first African American in space (Bluford)
,,Daniel Brandenstein,,1983,1980,
,,Dale Gardner,,1983,1980,
,,Guion Bluford,,1983,1980,
,,William Thornton,,1983,1980,
STS-9 (Columbia),U.S.,John Young,"Nov. 28–Dec. 8, 1983",1983,1980,first ESA astronaut in space (Merbold); carried Spacelab 1
,,Brewster Shaw,,1983,1980,
,,Owen Garriott,,1983,1980,
,,Robert Parker,,1983,1980,
,,Byron Lichtenberg,,1983,1980,
,,Ulf Merbold,,1983,1980,
STS-41-B (Challenger),U.S.,Vance Brand,"Feb. 3–11, 1984",1984,1980,first untethered spacewalk (McCandless)
,,Robert Gibson,,1984,1980,
,,Bruce McCandless,,1984,1980,
,,Ronald McNair,,1984,1980,
,,Robert Stewart,,1984,1980,
Soyuz T-10/Salyut 7/Soyuz T-11,U.S.S.R.,Leonid Kizim,"Feb. 8–Oct. 2, 1984",1984,1980,new space endurance record (236 days 23 hours)
,,Vladimir Solovyov,,1984,1980,
,,Oleg Atkov,,1984,1980,
Soyuz T-11/Salyut 7/Soyuz T-10,U.S.S.R.,Yury Malyshev,"April 3–11, 1984",1984,1980,first Indian in space (Sharma)
,,Gennady Strekalov,,1984,1980,
,,Rakesh Sharma,,1984,1980,
STS-41-C (Challenger),U.S.,Robert Crippen,"April 6–13, 1984",1984,1980,first in-orbit repair of a satellite
,,Francis Scobee,,1984,1980,
,,Terry Hart,,1984,1980,
,,George Nelson,,1984,1980,
,,James van Hoften,,1984,1980,
Soyuz T-12/Salyut 7,U.S.S.R.,Vladimir Dzhanibekov,"July 17–29, 1984",1984,1980,first woman to walk in space (Savitskaya)
,,Svetlana Savitskaya,,1984,1980,
,,Igor Volk,,1984,1980,
STS-41-D (Discovery),U.S.,Henry Hartsfield,"Aug. 30–Sept. 5, 1984",1984,1980,launched three communication satellites into orbit
,,Michael Coats,,1984,1980,
,,Steven Hawley,,1984,1980,
,,Mike Mullane,,1984,1980,
,,Judith Resnik,,1984,1980,
,,Charles Walker,,1984,1980,
STS-41-G (Challenger),U.S.,Robert Crippen,"Oct. 5–13, 1984",1984,1980,first Canadian in space (Garneau); first American woman to walk in space (Sullivan)
,,Jon McBride,,1984,1980,
,,Kathryn Sullivan,,1984,1980,
,,Sally Ride,,1984,1980,
,,David Leetsma,,1984,1980,
,,Marc Garneau,,1984,1980,
,,Paul Scully-Power,,1984,1980,
STS-51-A (Discovery),U.S.,Frederick Hauck,"Nov. 8–16, 1984",1984,1980,first retrieval of two satellites for repair and relaunch
,,David Walker,,1984,1980,
,,Dale Gardner,,1984,1980,
,,Joseph Allen,,1984,1980,
,,Anna Fisher,,1984,1980,
STS-51-C (Discovery),U.S.,Thomas Mattingly,"Jan. 24–27, 1985",1985,1980,first military shuttle mission
,,Loren Shriver,,1985,1980,
,,Ellison Onizuka,,1985,1980,
,,James Buchli,,1985,1980,
,,Gary Payton,,1985,1980,
STS-51-D (Discovery),U.S.,Karol Bobko,"April 12–19, 1985",1985,1980,first politician in space (Garn)
,,Donald Williams,,1985,1980,
,,Stanley Griggs,,1985,1980,
,,Jeffrey Hoffman,,1985,1980,
,,Rhea Seddon,,1985,1980,
,,Jake Garn,,1985,1980,
,,Charles Walker,,1985,1980,
STS-51-B (Challenger),U.S.,Robert Overmyer,"April 29–May 6, 1985",1985,1980,conducted materials processing and life science experiments
,,Fred Gregory,,1985,1980,
,,Norman Thagard,,1985,1980,
,,William Thornton,,1985,1980,
,,Don Lind,,1985,1980,
,,Lodewijk van den Berg,,1985,1980,
,,Taylor Wang,,1985,1980,
Soyuz T-13/Salyut 7,U.S.S.R.,Vladimir Dzhanibekov,"June 6–Sept. 26, 1985 (Nov. 21 [Savinykh])",1985,1980,repaired dead space station
,,Viktor Savinykh,,1985,1980,
STS-51-G (Discovery),U.S.,Daniel Brandenstein,"June 17–24, 1985",1985,1980,first Saudi astronaut (al-Saud)
,,John Creighton,,1985,1980,
,,John Fabian,,1985,1980,
,,Steven Nagel,,1985,1980,
,,Shannon Lucid,,1985,1980,
,,Patrick Baudry,,1985,1980,
,,Salman al-Saud,,1985,1980,
STS-51-F (Challenger),U.S.,Gordon Fullerton,"July 29–Aug. 6, 1985",1985,1980,flight of Spacelab 2
,,Roy Bridges,,1985,1980,
,,Anthony England,,1985,1980,
,,Karl Henize,,1985,1980,
,,Story Musgrave,,1985,1980,
,,Loren Acton,,1985,1980,
,,John-David Bartoe,,1985,1980,
STS-51-I (Discovery),U.S.,Joseph Engle,"Aug. 27–Sept. 3, 1985",1985,1980,repair and redeployment of satellite in orbit
,,Richard Covey,,1985,1980,
,,William Fisher,,1985,1980,
,,John Lounge,,1985,1980,
,,James van Hoften,,1985,1980,
Soyuz T-14/Salyut 7,U.S.S.R.,Vladimir Vasyutin,"Sept. 17–Nov. 21, 1985 (Sept. 26 [Grechko])",1985,1980,mission cut short because of psychological illness of Vasyutin
,,Aleksandr Volkov,,1985,1980,
,,Georgy Grechko,,1985,1980,
STS-51-J (Atlantis),U.S.,Karol Bobko,"Oct. 3–7, 1985",1985,1980,launched two military communications satellites into orbit
,,Ronald Grabe,,1985,1980,
,,David Hilmers,,1985,1980,
,,Robert Stewart,,1985,1980,
,,William Pailes,,1985,1980,
STS-61-A (Challenger),U.S.,Henry Hartsfield,"Oct. 30–Nov. 6, 1985",1985,1980,first Dutch astronaut (Ockels)
,,Steven Nagel,,1985,1980,
,,Guion Bluford,,1985,1980,
,,James Buchli,,1985,1980,
,,Bonnie Dunbar,,1985,1980,
,,Reinhard Furrer,,1985,1980,
,,Ernst Messerschmid,,1985,1980,
,,Wubbo Ockels,,1985,1980,
STS-61-B (Atlantis),U.S.,Brewster Shaw,"Nov. 27–Dec. 3, 1985",1985,1980,first Mexican astronaut (Neri Vela)
,,Bryan O'Connor,,1985,1980,
,,Mary Cleave,,1985,1980,
,,Sherwood Spring,,1985,1980,
,,Jerry Ross,,1985,1980,
,,Rodolfo Neri Vela,,1985,1980,
,,Charles Walker,,1985,1980,
STS-61-C (Columbia),U.S.,Robert Gibson,"Jan. 12–18, 1986",1986,1980,first Hispanic American in space (Chang-Díaz); first U.S. congressman in space (Nelson)
,,Charles Bolden,,1986,1980,
,,Franklin Chang-Díaz,,1986,1980,
,,Stephen Hawley,,1986,1980,
,,George Nelson,,1986,1980,
,,Robert Cenker,,1986,1980,
,,Bill Nelson,,1986,1980,
STS-51-L (Challenger),U.S.,Francis Scobee,"Jan. 28, 1986",1986,1980,crew killed when shuttle exploded 73 seconds after liftoff
,,Michael Smith,,1986,1980,
,,Ellison Onizuka,,1986,1980,
,,Judith Resnik,,1986,1980,
,,Ronald McNair,,1986,1980,
,,Gregory Jarvis,,1986,1980,
,,Christa McAuliffe,,1986,1980,
Soyuz T-15/Mir/Salyut 7,U.S.S.R.,Leonid Kizim,"March 13–July 16, 1986",1986,1980,first spaceflight between two space stations
,,Vladimir Solovyov,,1986,1980,
Soyuz TM-2/Mir,U.S.S.R.,Aleksandr Laveykin,"Feb. 5–July 30, 1987 (Dec. 29 [Romanenko])",1987,1980,new space endurance record (Romanenko; 326 days 12 hours); addition of Kvant 1 module to Mir
,,Yury Romanenko,,1987,1980,
Soyuz TM-3/Mir,U.S.S.R.,Aleksandr Viktorenko,"July 22–July 30, 1987 (Dec. 29 [Aleksandrov])",1987,1980,first Syrian astronaut (Faris)
,,Aleksandr Pavlovich Aleksandrov,,1987,1980,
,,Muhammed Faris,,1987,1980,
Soyuz TM-4/Mir,U.S.S.R.,Vladimir Titov,"Dec. 21, 1987–Dec. 21, 1988 (Dec. 29, 1987 [Levchenko])",1988,1980,new space endurance record (Titov and Manarov; 365 days 23 hours)
,,Musa Manarov,,1988,1980,
,,Anatoly Levchenko,,1988,1980,
Soyuz TM-5/Mir/Soyuz TM-4,U.S.S.R.,Anatoly Solovyov,"June 7–17, 1988",1988,1980,second Bulgarian astronaut (Aleksandrov)
,,Viktor Savinykh,,1988,1980,
,,Aleksandr Panayatov Aleksandrov,,1988,1980,
Soyuz TM-6/Mir,U.S.S.R.,Vladimir Lyakhov,"Aug. 29–Sept. 7, 1988 (April 4, 1989 [Polyakov])",1988,1980,first Afghan astronaut (Mohmand)
,,Valery Polyakov,,1988,1980,
,,Abdul Ahad Mohmand,,1988,1980,
STS-26 (Discovery),U.S.,Frederick Hauck,"Sept. 29–Oct. 3, 1988",1988,1980,first space shuttle flight after Challenger disaster
,,Richard Covey,,1988,1980,
,,John Lounge,,1988,1980,
,,David Hilmers,,1988,1980,
,,George Nelson,,1988,1980,
Soyuz TM-7/Mir,U.S.S.R.,Aleksandr Volkov,"Nov. 26, 1988–April 27, 1989 (Dec. 21, 1988 [Chrétien])",1988,1980,Mir was left unoccupied after crew returned to Earth
,,Sergey Krikalyov,,1988,1980,
,,Jean-Loup Chrétien,,1988,1980,
STS-27 (Atlantis),U.S.,Robert Gibson,"Dec. 2–6, 1988",1988,1980,launched classified satellite for U.S. Department of Defense
,,Guy Gardner,,1988,1980,
,,Mike Mullane,,1988,1980,
,,Jerry Ross,,1988,1980,
,,William Shepherd,,1988,1980,
STS-29 (Discovery),U.S.,Michael Coats,"March 13–18, 1989",1989,1980,carried Tracking and Data Relay Satellite
,,John Blaha,,1989,1980,
,,Robert Springer,,1989,1980,
,,James Buchli,,1989,1980,
,,James Bagian,,1989,1980,
STS-30 (Atlantis),U.S.,David Walker,"May 4–8, 1989",1989,1980,launch of Magellan space probe
,,Ronald Grabe,,1989,1980,
,,Mark Lee,,1989,1980,
,,Norman Thagard,,1989,1980,
,,Mary Cleave,,1989,1980,
STS-28 (Columbia),U.S.,Brewster Shaw,"Aug. 8–13, 1989",1989,1980,launched classified satellite for U.S. Department of Defense
,,Richard Richards,,1989,1980,
,,James Adamson,,1989,1980,
,,David Leetsma,,1989,1980,
,,Mark Brown,,1989,1980,
Soyuz TM-8/Mir,U.S.S.R.,Aleksandr Viktorenko,"Sept. 5, 1989–Feb. 19, 1990",1989,1980,addition of Kvant 2 module to Mir
,,Aleksandr Serebrov,,1989,1980,
STS-34 (Atlantis),U.S.,Donald Williams,"Oct. 18–23, 1989",1989,1980,launch of Galileo space probe
,,Michael McCulley,,1989,1980,
,,Shannon Lucid,,1989,1980,
,,Franklin Chang-Díaz,,1989,1980,
,,Ellen Baker,,1989,1980,
STS-33 (Discovery),U.S.,Frederick Gregory,"Nov. 23–28, 1989",1989,1980,launched classified satellite for U.S. Department of Defense
,,John Blaha,,1989,1980,
,,Manley Carter,,1989,1980,
,,Story Musgrave,,1989,1980,
,,Kathryn Thornton,,1989,1980,
STS-32 (Columbia),U.S.,Daniel Brandenstein,"Jan. 9–20, 1990",1990,1990,brought back Long Duration Exposure Facility launched in 1984
,,James Wetherbee,,1990,1990,
,,Bonnie Dunbar,,1990,1990,
,,Marsha Ivins,,1990,1990,
,,David Low,,1990,1990,
Soyuz TM-9/Mir,U.S.S.R.,Anatoly Solovyov,"Feb. 11–Aug. 9, 1990",1990,1990,addition of Kristall module to Mir
,,Aleksandr Balandin,,1990,1990,
STS-36 (Atlantis),U.S.,John Creighton,"Feb. 28–March 4, 1990",1990,1990,launched classified satellite for U.S. Department of Defense that broke up and reentered atmosphere
,,John Casper,,1990,1990,
,,Mike Mullane,,1990,1990,
,,David Hilmers,,1990,1990,
,,Pierre Thuot,,1990,1990,
STS-31 (Discovery),U.S.,Loren Shriver,"April 24–29, 1990",1990,1990,deployed Hubble Space Telescope
,,Charles Bolden,,1990,1990,
,,Steven Hawley,,1990,1990,
,,Kathryn Sullivan,,1990,1990,
,,Bruce McCandless,,1990,1990,
Soyuz TM-10/Mir,U.S.S.R.,Gennady Manakov,"Aug. 1–Dec. 10, 1990",1990,1990,crew performed space walk to fix damaged hatch on Kvant 2
,,Gennady Strekalov,,1990,1990,
STS-41 (Discovery),U.S.,Richard Richards,"Oct. 6–10, 1990",1990,1990,launched Ulysses
,,Robert Cabana,,1990,1990,
,,Bruce Melnick,,1990,1990,
,,William Shepherd,,1990,1990,
,,Thomas Akers,,1990,1990,
STS-38 (Atlantis),U.S.,Richard Covey,"Nov. 15–20, 1990",1990,1990,launched classified satellite for U.S. Department of Defense
,,Frank Culbertson,,1990,1990,
,,Carl Meade,,1990,1990,
,,Robert Springer,,1990,1990,
,,Charles Gemar,,1990,1990,
STS-35 (Columbia),U.S.,Vance Brand,"Dec. 2–10, 1990",1990,1990,carried Astro-1 instrument containing four separate telescopes
,,Guy Gardner,,1990,1990,
,,Jeffrey Hoffman,,1990,1990,
,,John Lounge,,1990,1990,
,,Robert Parker,,1990,1990,
,,Ronald Parise,,1990,1990,
,,Samuel Durrance,,1990,1990,
Soyuz TM-11/Mir,U.S.S.R.,Viktor Afanasiyev,"Dec. 2, 1990–May 26, 1991 (Dec. 10, 1990 [Akiyama])",1990,1990,first Japanese citizen in space (Akiyama)
,,Musa Manarov,,1990,1990,
,,Akiyama Toyohiro,,1990,1990,
STS-37 (Atlantis),U.S.,Steven Nagel,"April 5–11, 1991",1991,1990,deployed Compton Gamma Ray Observatory
,,Kenneth Cameron,,1991,1990,
,,Linda Godwin,,1991,1990,
,,Jerry Ross,,1991,1990,
,,Jerome Apt,,1991,1990,
STS-39 (Discovery),U.S.,Michael Coats,"April 28–May 6, 1991",1991,1990,launched and recovered SPAS-2 satellite for observations of shuttle exterior
,,Lloyd Hammond,,1991,1990,
,,Gregory Harbaugh,,1991,1990,
,,Donald McMonagle,,1991,1990,
,,Guion Bluford,,1991,1990,
,,Charles Veach,,1991,1990,
,,Richard Hieb,,1991,1990,
Soyuz TM-12/Mir,U.S.S.R.,Anatoly Artsebarsky,"May 18–Oct. 10, 1991 (March 25, 1992 [Krikalyov]; May 26, 1991 [Sharman])",1991,1990,first British astronaut (Sharman)
,,Sergey Krikalyov,,1991,1990,
,,Helen Sharman,,1991,1990,
STS-40 (Columbia),U.S.,Bryan O'Connor,"June 5–14, 1991",1991,1990,"conducted life science experiments on humans, rats, and jellyfish"
,,Sidney Gutierrez,,1991,1990,
,,James Bagian,,1991,1990,
,,Tamara Jernigan,,1991,1990,
,,Rhea Seddon,,1991,1990,
,,Francis Gaffney,,1991,1990,
,,Millie Hughes-Fulford,,1991,1990,
STS-43 (Atlantis),U.S.,John Blaha,"Aug. 2–11, 1991",1991,1990,launched Tracking and Data Relay Satellite
,,Michael Baker,,1991,1990,
,,Shannon Lucid,,1991,1990,
,,George Low,,1991,1990,
,,James Adamson,,1991,1990,
STS-48 (Discovery),U.S.,John Creighton,"Sept. 12–18, 1991",1991,1990,launched Upper Atmosphere Research Satellite
,,Kenneth Reightler,,1991,1990,
,,Charles Gemar,,1991,1990,
,,James Buchli,,1991,1990,
,,Mark Brown,,1991,1990,
Soyuz TM-13/Mir,U.S.S.R.,Aleksandr Volkov,"Oct. 2, 1991–March 25, 1992 (Oct. 10, 1991 [Aubakirov, Viehböck])",1991,1990,first Austrian astronaut (Viehböck)
,,Toktar Aubakirov,,1991,1990,
,,Franz Viehböck,,1991,1990,
STS-44 (Atlantis),U.S.,Frederick Gregory,"Nov. 24–Dec. 1, 1991",1991,1990,launched spy satellite
,,Terence Henricks,,1991,1990,
,,James Voss,,1991,1990,
,,Story Musgrave,,1991,1990,
,,Mario Runco,,1991,1990,
,,Thomas Hennen,,1991,1990,
STS-42 (Discovery),U.S.,Ronald Grabe,"Jan. 22–30, 1992",1992,1990,first Canadian woman in space (Bondar)
,,Stephen Oswald,,1992,1990,
,,Norman Thagard,,1992,1990,
,,William Readdy,,1992,1990,
,,David Hilmers,,1992,1990,
,,Roberta Bondar,,1992,1990,
,,Ulf Merbold,,1992,1990,
Soyuz TM-14/Mir,Russia,Aleksandr Viktorenko,"March 17–Aug. 10, 1992 (March 25 [Flade])",1992,1990,first Russian spaceflight after breakup of the U.S.S.R.
,,Aleksandr Kalery,,1992,1990,
,,Klaus-Dietrich Flade,,1992,1990,
STS-45 (Atlantis),U.S.,Charles Bolden,"March 24–April 2, 1992",1992,1990,first Belgian astronaut (Frimout)
,,Brian Duffy,,1992,1990,
,,Kathryn Sullivan,,1992,1990,
,,David Leetsma,,1992,1990,
,,Michael Foale,,1992,1990,
,,Dirk Frimout,,1992,1990,
,,Byron Lichtenberg,,1992,1990,
STS-49 (Endeavour),U.S.,Daniel Brandenstein,"May 7–16, 1992",1992,1990,"rescued Intelsat 6 satellite; first time three astronauts walked in space simultaneously (Akers, Thuot, and Hieb)"
,,Kevin Chilton,,1992,1990,
,,Richard Hieb,,1992,1990,
,,Bruce Melnick,,1992,1990,
,,Pierre Thuot,,1992,1990,
,,Kathryn Thornton,,1992,1990,
,,Thomas Akers,,1992,1990,
STS-50 (Columbia),U.S.,Richard Richards,"June 25–July 9, 1992",1992,1990,carried U.S. Microgravity Laboratory-1
,,Kenneth Bowersox,,1992,1990,
,,Bonnie Dunbar,,1992,1990,
,,Ellen Baker,,1992,1990,
,,Carl Meade,,1992,1990,
,,Lawrence DeLucas,,1992,1990,
,,Eugene Trinh,,1992,1990,
Soyuz TM-15/Mir,Russia,Anatoly Solovyov,"July 27, 1992–Feb. 1, 1993 (Aug. 10, 1992 [Tognini])",1992,1990,crew performed space walks to extend lifetime of Mir
,,Sergey Avdeyev,,1992,1990,
,,Michel Tognini,,1992,1990,
STS-46 (Atlantis),U.S.,Loren Shriver,"July 31–Aug. 8, 1992",1992,1990,first Swiss astronaut (Nicollier); first Italian astronaut (Malerba)
,,Andrew Allen,,1992,1990,
,,Claude Nicollier,,1992,1990,
,,Marsha Ivins,,1992,1990,
,,Jeffrey Hoffman,,1992,1990,
,,Franklin Chang-Díaz,,1992,1990,
,,Franco Malerba,,1992,1990,
STS-47 (Endeavour),U.S.,Robert Gibson,"Sept. 12–20, 1992",1992,1990,first African American woman in space (Jemison); first Japanese astronaut in space (Mohri)
,,Curtis Brown,,1992,1990,
,,Mark Lee,,1992,1990,
,,N. Jan Davis,,1992,1990,
,,Jay Apt,,1992,1990,
,,Mae Jemison,,1992,1990,
,,Mohri Mamoru,,1992,1990,
STS-52 (Columbia),U.S.,James Wetherbee,"Oct. 22–Nov. 1, 1992",1992,1990,launched second Laser Geodynamics Satellite (LAGEOS II)
,,Michael Baker,,1992,1990,
,,Charles Veach,,1992,1990,
,,William Shepherd,,1992,1990,
,,Tamara Jernigan,,1992,1990,
,,Steven MacLean,,1992,1990,
STS-53 (Discovery),U.S.,David Walker,"Dec. 2–9, 1992",1992,1990,deployed large spy satellite
,,Robert Cabana,,1992,1990,
,,Guion Bluford,,1992,1990,
,,Michael Clifford,,1992,1990,
,,James Voss,,1992,1990,
STS-54 (Endeavour),U.S.,John Casper,"Jan. 13–19, 1993",1993,1990,deployed the sixth Tracking and Data Relay Satellite (TDRS 6)
,,Donald McMonagle,,1993,1990,
,,Mario Runco,,1993,1990,
,,Gregory Harbaugh,,1993,1990,
,,Susan Helms,,1993,1990,
Soyuz TM-16/Mir,Russia,Gennady Manakov,"Jan. 24–July 22, 1993",1993,1990,placed docking target on Mir for use by space shuttle Atlantis
,,Aleksandr Poleshchuk,,1993,1990,
STS-56 (Discovery),U.S.,Kenneth Cameron,"April 8–17, 1993",1993,1990,carried the second Atmospheric Laboratory for Applications and Science (ATLAS-2) to monitor yearly changes in Earth's middle atmosphere; first Hispanic American woman in space (Ochoa)
,,Stephen Oswald,,1993,1990,
,,Michael Foale,,1993,1990,
,,Kenneth Cockerell,,1993,1990,
,,Ellen Ochoa,,1993,1990,
STS-55 (Columbia),U.S.,Steven Nagel,"April 26–May 6, 1993",1993,1990,carried Spacelab D-2
,,Terence Henricks,,1993,1990,
,,Jerry Ross,,1993,1990,
,,Charles Precourt,,1993,1990,
,,Bernard Harris,,1993,1990,
,,Ulrich Walter,,1993,1990,
,,Hans Schlegel,,1993,1990,
STS-57 (Endeavour),U.S.,Ronald Grabe,"June 21–July 1, 1993",1993,1990,carried Spacehab laboratory
,,Brian Duffy,,1993,1990,
,,George Low,,1993,1990,
,,Nancy Sherlock,,1993,1990,
,,Peter Wisoff,,1993,1990,
,,Janice Voss,,1993,1990,
Soyuz TM-17/Mir,Russia,Vasily Tsibliyev,"July 1, 1993–Jan. 14, 1994 (July 22, 1993 [Haigneré])",1993,1990,slight collision with Mir
,,Aleksandr Serebrov,,1993,1990,
,,Jean-Pierre Haigneré,,1993,1990,
STS-51 (Discovery),U.S.,Frank Culbertson,"Sept. 12–22, 1993",1993,1990,deployed two satellites
,,William Readdy,,1993,1990,
,,James Newman,,1993,1990,
,,Daniel Bursch,,1993,1990,
,,Carl Walz,,1993,1990,
STS-58 (Columbia),U.S.,John Blaha,"Oct. 18–Nov. 1, 1993",1993,1990,crew performed life science experiments; first veterinarian in space (Fettman)
,,Richard Searfoss,,1993,1990,
,,Rhea Seddon,,1993,1990,
,,William McArthur,,1993,1990,
,,David Wolf,,1993,1990,
,,Shannon Lucid,,1993,1990,
,,Martin Fettman,,1993,1990,
STS-61 (Endeavour),U.S.,Richard Covey,"Dec. 2–13, 1993",1993,1990,repaired Hubble Space Telescope
,,Kenneth Bowersox,,1993,1990,
,,Kathryn Thornton,,1993,1990,
,,Claude Nicollier,,1993,1990,
,,Jeffrey Hoffman,,1993,1990,
,,Story Musgrave,,1993,1990,
,,Thomas Akers,,1993,1990,
Soyuz TM-18/Mir,Russia,Viktor Afanasiyev,"Jan. 8–July 9, 1994 (March 22, 1995 [Polyakov])",1994,1990,new space endurance record (Polyakov; 437 days 18 hours)
,,Yury Usachyov,,1994,1990,
,,Valery Polyakov,,1994,1990,
STS-60 (Discovery),U.S.,Charles Bolden,"Feb. 3–11, 1994",1994,1990,carried Wake Shield Facility and Spacehab-2; first Russian on U.S. spacecraft (Krikalyov)
,,Kenneth Reightler,,1994,1990,
,,N. Jan Davis,,1994,1990,
,,Ronald Sega,,1994,1990,
,,Franklin Chang-Díaz,,1994,1990,
,,Sergey Krikalyov,,1994,1990,
STS-62 (Columbia),U.S.,John Casper,"March 4–18, 1994",1994,1990,crew performed material science experiments
,,Andrew Allen,,1994,1990,
,,Pierre Thuot,,1994,1990,
,,Charles Gernar,,1994,1990,
,,Marsha Ivins,,1994,1990,
STS-59 (Endeavour),U.S.,Sidney Gutierrez,"April 9–20, 1994",1994,1990,"carried Space Radar Laboratory, a special mapping radar"
,,Kevin Chilton,,1994,1990,
,,Jerome Apt,,1994,1990,
,,Michael Clifford,,1994,1990,
,,Linda Godwin,,1994,1990,
,,Thomas Jones,,1994,1990,
Soyuz TM-19/Mir,Russia,Yury Malenchenko,"July 1–Nov. 4, 1994",1994,1990,Malenchenko performed first manual docking of Progress resupply ship
,,Talgat Musabayev,,1994,1990,
STS-65 (Columbia),U.S.,Robert Cabana,"July 8–23, 1994",1994,1990,first Japanese woman in space (Mukai)
,,James Halsell,,1994,1990,
,,Richard Hieb,,1994,1990,
,,Carl Walz,,1994,1990,
,,Leroy Chiao,,1994,1990,
,,Thomas Akers,,1994,1990,
,,Mukai Chiaki,,1994,1990,
STS-64 (Discovery),U.S.,Richard Richards,"Sept. 9–20, 1994",1994,1990,probed Earth's atmosphere with a laser
,,Lloyd Hammond,,1994,1990,
,,Jerry Linenger,,1994,1990,
,,Susan Helms,,1994,1990,
,,Carl Meade,,1994,1990,
,,Mark Lee,,1994,1990,
STS-68 (Endeavour),U.S.,Michael Baker,"Sept. 30–Oct. 11, 1994",1994,1990,second mission of Space Radar Laboratory
,,Terrence Wilcutt,,1994,1990,
,,Steven Smith,,1994,1990,
,,Daniel Bursch,,1994,1990,
,,Peter Wisoff,,1994,1990,
,,Thomas Jones,,1994,1990,
Soyuz TM-20/Mir,Russia,Aleksandr Viktorenko,"Oct. 4, 1994–March 22, 1995 (Nov. 4, 1994 [Merbold])",1994,1990,first woman to make a long-duration spaceflight (Kondakova)
,,Yelena Kondakova,,1994,1990,
,,Ulf Merbold,,1994,1990,
STS-66 (Atlantis),U.S.,Donald McMonagle,"Nov. 3–14, 1994",1994,1990,carried third ATLAS laboratory
,,Curtis Brown,,1994,1990,
,,Ellen Ochoa,,1994,1990,
,,Joseph Tanner,,1994,1990,
,,Jean-François Clervoy,,1994,1990,
,,Scott Parazynski,,1994,1990,
STS-63 (Discovery),U.S.,James Wetherbee,"Feb. 3–11, 1995",1995,1990,demonstrated shuttle orbiter's ability to approach and maneuver around Mir
,,Eileen Collins,,1995,1990,
,,Bernard Harris,,1995,1990,
,,Michael Foale,,1995,1990,
,,Janice Voss,,1995,1990,
,,Vladimir Titov,,1995,1990,
STS-67 (Endeavour),U.S.,Steven Oswald,"March 2–18, 1995",1995,1990,carried three telescopes that observed sky in ultraviolet light
,,William Gregory,,1995,1990,
,,John Grunsfeld,,1995,1990,
,,Wendy Lawrence,,1995,1990,
,,Tamara Jernigan,,1995,1990,
,,Samuel Durrance,,1995,1990,
,,Ronald Parise,,1995,1990,
Soyuz TM-21/Mir,Russia,Vladimir Dezhurov,"March 14–July 7, 1995",1995,1990,first American to fly on Russian spacecraft (Thagard); addition of Spektr module to Mir
,,Gennady Strekalov,,1995,1990,
,,Norman Thagard,,1995,1990,
STS-71 (Atlantis)/Mir,U.S.,Robert Gibson,"June 27–July 7, 1995 (Sept. 11 [Solovyov, Budarin])",1995,1990,first space shuttle visit to Mir
,,Charles Precourt,,1995,1990,
,,Ellen Baker,,1995,1990,
,,Gregory Harbaugh,,1995,1990,
,,Bonnie Dunbar,,1995,1990,
,,Anatoly Solovyov,,1995,1990,
,,Nikolay Budarin,,1995,1990,
STS-70 (Discovery),U.S.,Terence Henricks,"July 13–22, 1995",1995,1990,launched final TDRS satellite
,,Kevin Kregel,,1995,1990,
,,Donald Thomas,,1995,1990,
,,Nancy Currie,,1995,1990,
,,Mary Weber,,1995,1990,
Soyuz TM-22/Mir,Russia,Yury Gidzenko,"Sept. 3, 1995–Feb. 29, 1996",1995,1990,first German to walk in space (Reiter)
,,Sergey Avdeyev,,1995,1990,
,,Thomas Reiter,,1995,1990,
STS-69 (Endeavour),U.S.,David Walker,"Sept. 7–18, 1995",1995,1990,operated Wake Shield Facility satellite
,,Kenneth Cockrell,,1995,1990,
,,James Voss,,1995,1990,
,,James Newman,,1995,1990,
,,Michael Gernhardt,,1995,1990,
STS-73 (Columbia),U.S.,Kenneth Bowersox,"Oct. 20–Nov. 5, 1995",1995,1990,carried Microgravity Laboratory-2 to study material growth in space
,,Kent Rominger,,1995,1990,
,,Catherine Coleman,,1995,1990,
,,Michael Lopez-Alegria,,1995,1990,
,,Kathryn Thornton,,1995,1990,
,,Fred Leslie,,1995,1990,
,,Albert Sacco,,1995,1990,
STS-74 (Atlantis)/Mir,U.S.,Kenneth Cameron,"Nov. 12–20, 1995",1995,1990,attached docking module to Mir
,,James Halsell,,1995,1990,
,,Chris Hadfield,,1995,1990,
,,Jerry Ross,,1995,1990,
,,William McArthur,,1995,1990,
STS-72 (Endeavour),U.S.,Brian Duffy,"Jan. 11–20, 1996",1996,1990,practiced space walks for International Space Station
,,Brent Jett,,1996,1990,
,,Leroy Chiao,,1996,1990,
,,Winston Scott,,1996,1990,
,,Wakata Koichi,,1996,1990,
,,Daniel Barry,,1996,1990,
Soyuz TM-23/Mir,Russia,Yuri Onufriyenko,"Feb. 21–Sept. 2, 1996",1996,1990,addition of Priroda module to Mir
,,Yury Usachyov,,1996,1990,
STS-75 (Columbia),U.S.,Andrew Allen,"Feb. 22–March 9, 1996",1996,1990,deployed Tethered Satellite System
,,Scott Horowitz,,1996,1990,
,,Jeffrey Hoffman,,1996,1990,
,,Maurizio Cheli,,1996,1990,
,,Claude Nicollier,,1996,1990,
,,Franklin Chang-Díaz,,1996,1990,
,,Umberto Guidoni,,1996,1990,
STS-76 (Atlantis)/Mir,U.S.,Kevin Chilton,"March 22–31, 1996 (Sept. 26 [Lucid])",1996,1990,delivered supplies to Mir
,,Richard Searfoss,,1996,1990,
,,Ronald Sega,,1996,1990,
,,Michael Clifford,,1996,1990,
,,Linda Godwin,,1996,1990,
,,Shannon Lucid,,1996,1990,
STS-77 (Endeavour),U.S.,John Casper,"May 19–29, 1996",1996,1990,deployed Inflatable Antenna Experiment
,,Curtis Brown,,1996,1990,
,,Andrew Thomas,,1996,1990,
,,Daniel Bursch,,1996,1990,
,,Mario Runco,,1996,1990,
,,Marc Garneau,,1996,1990,
STS-78 (Columbia),U.S.,Terence Henricks,"June 20–July 7, 1996",1996,1990,conducted Life and Microgravity Spacelab to study biological effects of space travel
,,Kevin Kregel,,1996,1990,
,,Richard Linnehan,,1996,1990,
,,Susan Helms,,1996,1990,
,,Charles Brady,,1996,1990,
,,Jean-Jacques Favier,,1996,1990,
,,Robert Thirsk,,1996,1990,
Soyuz TM-24/Mir,Russia,Valery Korzun,"Aug. 17, 1996–March 2, 1997 (Sept. 2, 1996 [André-Deshays])",1996,1990,first French woman in space (André-Deshays)
,,Aleksandr Kaleri,,1996,1990,
,,Claudie André-Deshays,,1996,1990,
STS-79 (Atlantis)/Mir,U.S.,William Readdy,"Sept. 16–26, 1996 (Jan. 22, 1997 [Blaha])",1996,1990,conducted experiments in Spacelab Double Module
,,Terrence Wilcutt,,1996,1990,
,,Jerome Apt,,1996,1990,
,,Thomas Akers,,1996,1990,
,,Carl Walz,,1996,1990,
,,John Blaha,,1996,1990,
STS-80 (Columbia),U.S.,Kenneth Cockrell,"Nov. 19–Dec. 7, 1996",1996,1990,deployed and retrieved ORFEUS-SPAS II astrophysics satellite and Wake Shield Facility
,,Kent Rominger,,1996,1990,
,,Tamara Jernigan,,1996,1990,
,,Thomas Jones,,1996,1990,
,,Story Musgrave,,1996,1990,
STS-81 (Atlantis)/Mir,U.S.,Michael Baker,"Jan. 12–22, 1997 (May 24 [Linenger])",1997,1990,returned with first plants to complete a full life cycle in space
,,Brent Jett,,1997,1990,
,,Peter Wisoff,,1997,1990,
,,John Grunsfeld,,1997,1990,
,,Marsha Ivins,,1997,1990,
,,Jerry Linenger,,1997,1990,
Soyuz TM-25/Mir,Russia,Vasily Tsibliyev,"Feb. 10–Aug. 14, 1997 (March 2 [Ewald])",1997,1990,fire seriously damaged Mir's oxygen generation system (Feb. 23); collision with Progress punctured Spektr module (June 25)
,,Aleksandr Lazutkin,,1997,1990,
,,Reinhold Ewald,,1997,1990,
STS-82 (Discovery),U.S.,Kenneth Bowersox,"Feb. 11–21, 1997",1997,1990,Hubble Space Telescope servicing mission
,,Scott Horowitz,,1997,1990,
,,Joseph Tanner,,1997,1990,
,,Steven Hawley,,1997,1990,
,,Gregory Harbaugh,,1997,1990,
,,Mark Lee,,1997,1990,
,,Steven Smith,,1997,1990,
STS-83 (Columbia),U.S.,James Halsell,"April 4–8, 1997",1997,1990,carried Microgravity Science Laboratory-1; faulty fuel cell cut mission short
,,Susan Still,,1997,1990,
,,Janice Voss,,1997,1990,
,,Michael Gernhardt,,1997,1990,
,,Donald Thomas,,1997,1990,
,,Roger Crouch,,1997,1990,
,,Gregory Linteris,,1997,1990,
STS-84 (Atlantis)/Mir,U.S.,Charles Precourt,"May 15–24, 1997 (Oct. 6 [Foale])",1997,1990,"carried Biorack research facility, which conducted microgravity experiments"
,,Eileen Collins,,1997,1990,
,,Jean-François Clervoy,,1997,1990,
,,Carlos Noriega,,1997,1990,
,,Edward Lu,,1997,1990,
,,Yelena Kondakova,,1997,1990,
,,Michael Foale,,1997,1990,
STS-94 (Columbia),U.S.,James Halsell,"July 1–17, 1997",1997,1990,reflight of STS-83
,,Susan Still,,1997,1990,
,,Janice Voss,,1997,1990,
,,Michael Gernhardt,,1997,1990,
,,Donald Thomas,,1997,1990,
,,Roger Crouch,,1997,1990,
,,Gregory Linteris,,1997,1990,
Soyuz TM-26/Mir,Russia,Anatoly Solovyov,"Aug. 5, 1997–Feb. 19, 1998",1997,1990,Mir's oxygen-generation system repaired
,,Pavel Vinogradov,,1997,1990,
STS-85 (Discovery),U.S.,Curtis Brown,"Aug. 7–19, 1997",1997,1990,deployed spectrometers and telescopes in space for observations of Earth's atmosphere
,,Kent Rominger,,1997,1990,
,,N. Jan Davis,,1997,1990,
,,Robert Curbeam,,1997,1990,
,,Stephen Robinson,,1997,1990,
,,Bjarni Tryggvason,,1997,1990,
STS-86 (Atlantis)/Mir,U.S.,James Wetherbee,"Sept. 25–Oct. 6, 1997 (Jan. 31, 1998 [Wolf])",1997,1990,"carried Spacehab module, which included replacement computer for Mir"
,,Michael Bloomfield,,1997,1990,
,,Vladimir Titov,,1997,1990,
,,Scott Parazynski,,1997,1990,
,,Jean-Loup Chrétien,,1997,1990,
,,Wendy Lawrence,,1997,1990,
,,David Wolf,,1997,1990,
STS-87 (Columbia),U.S.,Kevin Kregel,"Nov. 19–Dec. 5, 1997",1997,1990,"carried the fourth U.S. Microgravity Payload (USMP-4) and Spartan 201, a deployable pair of solar instruments; first Ukrainian astronaut (Kadenyuk)"
,,Steven Lindsey,,1997,1990,
,,Kalpana Chawla,,1997,1990,
,,Winston Scott,,1997,1990,
,,Doi Takao,,1997,1990,
,,Leonid Kadenyuk,,1997,1990,
STS-89 (Endeavour)/Mir,U.S.,Terrence Wilcutt,"Jan. 22–31, 1998 (June 12 [Thomas])",1998,1990,carried out experiments in protein crystal growth
,,Joe Edwards,,1998,1990,
,,James Reilly,,1998,1990,
,,Michael Anderson,,1998,1990,
,,Bonnie Dunbar,,1998,1990,
,,Salizhan Sharipov,,1998,1990,
,,Andrew Thomas,,1998,1990,
Soyuz TM-27/Mir,Russia,Talgat Musabayev,"Jan. 29–Aug. 25, 1998 (Feb. 19 [Eyharts])",1998,1990,unsuccessful attempt to repair Spektr solar panel
,,Nikolay Budarin,,1998,1990,
,,Léopold Eyharts,,1998,1990,
STS-90 (Columbia),U.S.,Richard Searfoss,"April 17–May 3, 1998",1998,1990,"final Spacelab mission, called Neurolab"
,,Scott Altman,,1998,1990,
,,Richard Linnehan,,1998,1990,
,,Kathryn Hire,,1998,1990,
,,Daffyd Williams,,1998,1990,
,,Jay Buckey,,1998,1990,
,,James Pawelczyk,,1998,1990,
STS-91 (Discovery)/Mir,U.S.,Charles Precourt,"June 2–12, 1998",1998,1990,final space shuttle mission to Mir
,,Dominic Gorie,,1998,1990,
,,Franklin Chang-Díaz,,1998,1990,
,,Wendy Lawrence,,1998,1990,
,,Janet Kavandi,,1998,1990,
,,Valery Ryumin,,1998,1990,
Soyuz TM-28/Mir,Russia,Gennady Padalka,"Aug. 13, 1998–Feb. 28, 1999 (Aug. 28, 1999 [Avdeyev]; Aug. 25, 1998 [Baturin])",1998,1990,first Russian politician in space (Baturin)
,,Sergey Avdeyev,,1998,1990,
,,Yury Baturin,,1998,1990,
STS-95 (Discovery),U.S.,Curt Brown,"Oct. 28–Nov. 7, 1998",1998,1990,carried Spacehab module; oldest person in space (Glenn); first Spanish astronaut (Duque)
,,Steven Lindsey,,1998,1990,
,,Scott Parazynski,,1998,1990,
,,Pedro Duque,,1998,1990,
,,Stephen Robinson,,1998,1990,
,,Mukai Chiaki,,1998,1990,
,,John Glenn,,1998,1990,
STS-88 (Endeavour)/International Space Station (ISS),U.S.,Robert Cabana,"Dec. 4–15, 1998",1998,1990,linked first two modules of ISS (Zarya [Russia] and Unity [U.S.])
,,Frederick Sturckow,,1998,1990,
,,Jerry Ross,,1998,1990,
,,Nancy Currie,,1998,1990,
,,James Newman,,1998,1990,
,,Sergey Krikalyov,,1998,1990,
Soyuz TM-29/Mir,Russia,Viktor Afanasiyev,"Feb. 20–Aug. 28, 1999 (Feb. 28 [Bella])",1999,1990,first Slovak astronaut (Bella)
,,Jean-Pierre Haigneré,,1999,1990,
,,Ivan Bella,,1999,1990,
STS-96 (Discovery)/ISS,U.S.,Kent Rominger,"May 27–June 6, 1999",1999,1990,carried supplies to ISS
,,Rick Husband,,1999,1990,
,,Tamara Jernigan,,1999,1990,
,,Ellen Ochoa,,1999,1990,
,,Daniel Barry,,1999,1990,
,,Julie Payette,,1999,1990,
,,Valery Tokarev,,1999,1990,
STS-93 (Columbia),U.S.,Eileen Collins,"July 23–27, 1999",1999,1990,launched Chandra X-ray Observatory
,,Jeffrey Ashby,,1999,1990,
,,Catherine Coleman,,1999,1990,
,,Steven Hawley,,1999,1990,
,,Michel Tognini,,1999,1990,
STS-103 (Discovery),U.S.,Curtis Brown,"Dec. 19–27, 1999",1999,1990,Hubble Space Telescope servicing mission
,,Scott Kelly,,1999,1990,
,,Steven Smith,,1999,1990,
,,Jean-François Clervoy,,1999,1990,
,,John Grunsfeld,,1999,1990,
,,Michael Foale,,1999,1990,
,,Claude Nicollier,,1999,1990,
STS-99 (Endeavour),U.S.,Kevin Kregel,"Feb. 11–22, 2000",2000,2000,carried out Shuttle Radar Tomography Mission
,,Dominic Gorie,,2000,2000,
,,Gerhard Thiele,,2000,2000,
,,Janet Kavandi,,2000,2000,
,,Janice Voss,,2000,2000,
,,Mohri Mamoru,,2000,2000,
Soyuz TM-30/Mir,Russia,Sergey Zalyotin,"April 4–June 16, 2000",2000,2000,last occupants of Mir
,,Aleksandr Kaleri,,2000,2000,
STS-101 (Atlantis)/International Space Station (ISS),U.S.,James Halsell,"May 19–29, 2000",2000,2000,ISS outfitting and repair
,,Scott Horowitz,,2000,2000,
,,Mary Weber,,2000,2000,
,,Jeffrey Williams,,2000,2000,
,,James Voss,,2000,2000,
,,Susan Helms,,2000,2000,
,,Yuri Usachyov,,2000,2000,
STS-106 (Atlantis)/ISS,U.S.,Terrence Wilcutt,"Sept. 8–20, 2000",2000,2000,completed docking of Russian-built Zvezda module to ISS
,,Scott Altman,,2000,2000,
,,Edward Lu,,2000,2000,
,,Richard Mastracchio,,2000,2000,
,,Daniel Burbank,,2000,2000,
,,Yury Malenchenko,,2000,2000,
,,Boris Morukov,,2000,2000,
STS-92 (Discovery)/ISS,U.S.,Brian Duffy,"Oct. 11–24, 2000",2000,2000,delivered Z1 truss to ISS
,,Pamela Melroy,,2000,2000,
,,Leroy Chiao,,2000,2000,
,,William McArthur,,2000,2000,
,,Peter Wisoff,,2000,2000,
,,Michael Lopez-Alegria,,2000,2000,
,,Wakata Koichi,,2000,2000,
Soyuz TM-31/ISS,Russia,Yuri Gidzenko,"Oct. 31, 2000–March 21, 2001",2000,2000,first ISS crew (Expedition 1)
,,William Shepherd,,2000,2000,
,,Sergey Krikalyov,,2000,2000,
STS-97 (Endeavour)/ISS,U.S.,Brent Jett,"Nov. 30–Dec. 11, 2000",2000,2000,mounted solar arrays on Z1 truss
,,Michael Bloomfield,,2000,2000,
,,Joseph Tanner,,2000,2000,
,,Marc Garneau,,2000,2000,
,,Carlos Noriega,,2000,2000,
STS-98 (Atlantis)/ISS,U.S.,Kenneth Cockrell,"Feb. 7–20, 2001",2001,2000,addition of U.S.-built Destiny laboratory module to ISS
,,Mark Polansky,,2001,2000,
,,Robert Curbeam,,2001,2000,
,,Marsha Ivins,,2001,2000,
,,Thomas Jones,,2001,2000,
STS-102 (Discovery)/ISS,U.S.,James Wetherbee,"March 8–21, 2001 (Aug. 22 [Voss, Helms, Usachyov])",2001,2000,"delivery of Expedition 2 crew (Usachyov, Voss, Helms) and European Space Agency (ESA)-built logistics module Leonardo to ISS"
,,James Kelly,,2001,2000,
,,Andrew Thomas,,2001,2000,
,,James Voss,,2001,2000,
,,Susan Helms,,2001,2000,
,,Yury Usachyov,,2001,2000,
STS-100 (Endeavour)/ISS,U.S.,Kent Rominger,"April 19–May 1, 2001",2001,2000,added Canadian robotic arm Canadarm2 to ISS
,,Jeffrey Ashby,,2001,2000,
,,Chris Hadfield,,2001,2000,
,,John Phillips,,2001,2000,
,,Scott Parazynski,,2001,2000,
,,Umberto Guidoni,,2001,2000,
,,Yury Lonchakov,,2001,2000,
Soyuz TM-32/ISS,Russia,Talgat Musabayev,"April 28–May 6, 2001",2001,2000,first space tourist (Tito)
,,Yury Baturin,,2001,2000,
,,Dennis Tito,,2001,2000,
STS-104 (Atlantis)/ISS,U.S.,Steven Lindsey,"July 12–24, 2001",2001,2000,addition of U.S.-built Quest airlock to ISS
,,Charles Hobaugh,,2001,2000,
,,Michael Gernhardt,,2001,2000,
,,Janet Kavandi,,2001,2000,
,,James Reilly,,2001,2000,
STS-105 (Discovery)/ISS,U.S.,Scott Horowitz,"Aug. 10–22, 2001 (Dec. 17 [Culbertson, Tyurin, Dezhurov])",2001,2000,"delivery of Expedition 3 crew (Culbertson, Tyurin, Dezhurov) and ESA-built logistics module Leonardo to ISS"
,,Frederick Sturckow,,2001,2000,
,,Patrick Forrester,,2001,2000,
,,Thomas Barry,,2001,2000,
,,Frank Culbertson,,2001,2000,
,,Mikhail Tyurin,,2001,2000,
,,Vladimir Dezhurov,,2001,2000,
Soyuz TM-33/ISS,Russia,Viktor Afanasiyev,"Oct. 21–31, 2001",2001,2000,exchange of Soyuz return craft for ISS crew
,,Claudie Haigneré,,2001,2000,
,,Konstantin Kozeyev,,2001,2000,
STS-108 (Endeavour)/ISS,U.S.,Dominic Gorie,"Dec. 5–17, 2001 (June 15, 2002 [Onufriyenko, Bursch, Walz])",2001,2000,"delivery of Expedition 4 crew (Onufriyenko, Bursch, Walz) and ESA-built logistics module Raffaello to ISS"
,,Mark Kelly,,2001,2000,
,,Linda Godwin,,2001,2000,
,,Daniel Tani,,2001,2000,
,,Yury Onufriyenko,,2001,2000,
,,Daniel Bursch,,2001,2000,
,,Carl Walz,,2001,2000,
STS-109 (Columbia),U.S.,Scott Altman,"March 1–12, 2002",2002,2000,Hubble Space Telescope servicing mission
,,Duane Carey,,2002,2000,
,,John Grunsfeld,,2002,2000,
,,Nancy Currie,,2002,2000,
,,Richard Linnehan,,2002,2000,
,,James Newman,,2002,2000,
,,Michael Massimino,,2002,2000,
STS-110 (Atlantis)/ISS,U.S.,Michael Bloomfield,"April 8–19, 2002",2002,2000,delivered S0 truss to ISS
,,Stephen Frick,,2002,2000,
,,Rex Walheim,,2002,2000,
,,Ellen Ochoa,,2002,2000,
,,Lee Morin,,2002,2000,
,,Jerry Ross,,2002,2000,
,,Steven Smith,,2002,2000,
Soyuz TM-34/ISS,Russia,Yury Gidzenko,"April 25–May 5, 2002",2002,2000,first South African in space (Shuttleworth)
,,Roberto Vittori,,2002,2000,
,,Mark Shuttleworth,,2002,2000,
STS-111 (Endeavour)/ISS,U.S.,Kenneth Cockrell,"June 5–19, 2002 (Dec. 7 [Whitson, Korzun, Treschyov])",2002,2000,"delivered Expedition 5 crew (Whitson, Korzun, Treschyov) and equipment to ISS"
,,Paul Lockhart,,2002,2000,
,,Philippe Perrin,,2002,2000,
,,Franklin Chang-Díaz,,2002,2000,
,,Peggy Whitson,,2002,2000,
,,Valery Korzun,,2002,2000,
,,Sergey Treschyov,,2002,2000,
STS-112 (Atlantis)/ISS,U.S.,Jeffrey Ashby,"Oct. 7–18, 2002",2002,2000,delivered S1 truss to ISS
,,Pamela Melroy,,2002,2000,
,,David Wolf,,2002,2000,
,,Sandra Magnus,,2002,2000,
,,Piers Sellers,,2002,2000,
,,Fyodor Yurchikhin,,2002,2000,
Soyuz TMA-1/ISS,Russia,Sergei Zalyotin,"Oct. 30–Nov. 10, 2002",2002,2000,exchange of Soyuz return craft for ISS crew
,,Frank De Winne,,2002,2000,
,,Yury Lonchakov,,2002,2000,
STS-113 (Endeavour)/ISS,U.S.,James Wetherbee,"Nov. 23–Dec. 7, 2002 (May 4, 2003 [Bowersox, Budarin, Pettit])",2002,2000,"delivered Expedition 6 crew (Bowersox, Budarin, Pettit) and P1 truss to ISS"
,,Paul Lockhart,,2002,2000,
,,Michael Lopez-Alegria,,2002,2000,
,,John Herrington,,2002,2000,
,,Kenneth Bowersox,,2002,2000,
,,Nikolay Budarin,,2002,2000,
,,Donald Pettit,,2002,2000,
STS-107 (Columbia),U.S.,Rick Husband,"Jan. 16–Feb. 1, 2003",2003,2000,first Israeli astronaut (Ramon); crew killed when vehicle broke up during reentry
,,William McCool,,2003,2000,
,,David Brown,,2003,2000,
,,Kalpana Chawla,,2003,2000,
,,Michael Anderson,,2003,2000,
,,Laurel Clark,,2003,2000,
,,Ilan Ramon,,2003,2000,
Soyuz TMA-2/ISS,Russia,Yury Malchenko,"April 26–Oct. 28, 2003",2003,2000,Expedition 7 crew to ISS
,,Edward Lu,,2003,2000,
Shenzhou 5,China,Yang Liwei,"Oct. 15, 2003",2003,2000,first taikonaut in space (Yang)
Soyuz TMA-3/ISS,Russia,Aleksandr Kaleri,"Oct. 18, 2003–April 30, 2004 (Oct. 28, 2003 [Duque])",2003,2000,"Expedition 8 crew (Kaleri, Foale) to ISS"
,,Pedro Duque,,2003,2000,
,,Michael Foale,,2003,2000,
Soyuz TMA-4/ISS,Russia,Gennadi Padalka,"April 19–Oct. 24, 2004 (April 30 [Kuipers])",2004,2000,"Expedition 9 crew (Padalka, Fincke) to ISS"
,,André Kuipers,,2004,2000,
,,Michael Fincke,,2004,2000,
SpaceShipOne 15P,U.S.,Michael Melvill,21-Jun-04,2004,2000,first private spaceflight
SpaceShipOne 16P,U.S.,Michael Melvill,"Sept. 29, 2004",2004,2000,first Ansari X Prize competition flight
SpaceShipOne 17P,U.S.,William Binnie,"Oct. 4, 2004",2004,2000,Ansari X Prize-winning spaceflight
Soyuz TMA-5/ISS,Russia,Salizhan Sharipov,"Oct. 14, 2004–April 24, 2005 (Oct. 24, 2004 [Shargin])",2004,2000,"Expedition 10 crew (Sharipov, Chiao) to ISS"
,,Leroy Chiao,,2004,2000,
,,Yury Shargin,,2004,2000,
Soyuz TMA-6/ISS,Russia,Sergey Krikalyov,"April 15–Oct. 11, 2005 (Oct. 24 [Vittori])",2005,2000,"Expedition 11 crew (Krikalyov, Phillips) to ISS"
,,Roberto Vittori,,2005,2000,
,,John Phillips,,2005,2000,
STS-114 (Discovery)/ISS,U.S.,Eileen Collins,"July 26–Aug. 9, 2005",2005,2000,first space shuttle flight after Columbia disaster
,,James Kelly,,2005,2000,
,,Noguchi Soichi,,2005,2000,
,,Stephen Robinson,,2005,2000,
,,Andrew Thomas,,2005,2000,
,,Wendy Lawrence,,2005,2000,
,,Charles Camarda,,2005,2000,
Soyuz TMA-7/ISS,Russia,Valery Tokarev,"Oct. 1, 2005–April 8, 2006 (Oct. 11, 2005 [Olsen])",2005,2000,"Expedition 12 crew (McArthur, Tokarev) to ISS"
,,William McArthur,,2005,2000,
,,Gregory Olsen,,2005,2000,
Shenzhou 6,China,Fei Junlong,"Oct. 12–16, 2005",2005,2000,first two-person Chinese spaceflight
,,Nie Haisheng,,2005,2000,
Soyuz TMA-8/ISS,Russia,Pavel Vinogradov,"March 30–Sept. 29, 2006 (April 8 [Pontes])",2006,2000,"Expedition 13 crew (Vinogradov, Williams) to ISS; first Brazilian astronaut (Pontes)"
,,Jeffrey Williams,,2006,2000,
,,Marcos Pontes,,2006,2000,
STS-121 (Discovery)/ISS,U.S.,Steven Lindsey,"July 4–17, 2006 (Dec. 22 [Reiter])",2006,2000,increased ISS crew from two to three (Reiter)
,,Mark Kelly,,2006,2000,
,,Michael Fossum,,2006,2000,
,,Lisa Nowak,,2006,2000,
,,Piers Sellers,,2006,2000,
,,Stephanie Wilson,,2006,2000,
,,Thomas Reiter,,2006,2000,
STS-115 (Atlantis)/ISS,U.S.,Brent Jett,"Sept. 9–21, 2006",2006,2000,attached solar array to ISS
,,Christopher Ferguson,,2006,2000,
,,Joseph Tanner,,2006,2000,
,,Daniel Burbank,,2006,2000,
,,Heidimarie Stefanyshyn-Piper,,2006,2000,
,,Steven MacLean,,2006,2000,
Soyuz TMA-9/ISS,Russia,Mikhail Tyurin,"Sept. 18, 2006–April 21, 2007 (Sept. 29, 2006 [Ansari])",2006,2000,"Expedition 14 crew (Lopez-Alegria, Tyurin) to ISS"
,,Michael Lopez-Alegria,,2006,2000,
,,Anousheh Ansari,,2006,2000,
STS-116 (Discovery)/ISS,U.S.,Mark Polansky,"Dec. 9–22, 2006 (June 22, 2007 [Williams])",2006,2000,connected new solar array to ISS electric system; first Swedish astronaut (Fuglesang); longest spaceflight by a woman (Williams; 194 days 18 hours)
,,William Oefelein,,2006,2000,
,,Nicholas Patrick,,2006,2000,
,,Robert Curbeam,,2006,2000,
,,Christer Fuglesang,,2006,2000,
,,Joan Higginbotham,,2006,2000,
,,Sunita Williams,,2006,2000,
Soyuz TMA-10/ISS,Russia,Oleg Kotov,"April 7–Oct. 21, 2007 (April 21 [Simonyi])",2007,2000,"Expedition 15 crew (Kotov, Yurchikhin) to ISS"
,,Fyodor Yurchikhin,,2007,2000,
,,Charles Simonyi,,2007,2000,
STS-117 (Atlantis)/ISS,U.S.,Frederick Sturckow,"June 8–22, 2007 (Nov. 7 [Anderson])",2007,2000,delivered S3/S4 truss to ISS
,,Lee Archambault,,2007,2000,
,,Patrick Forrester,,2007,2000,
,,Steven Swanson,,2007,2000,
,,John Olivas,,2007,2000,
,,James Reilly,,2007,2000,
,,Clayton Anderson,,2007,2000,
STS-118 (Endeavour)/ISS,U.S.,Scott Kelly,"Aug. 8–21, 2007",2007,2000,delivered S5 truss
,,Charles Hobaugh,,2007,2000,
,,Tracy Caldwell,,2007,2000,
,,Richard Mastracchio,,2007,2000,
,,Dafydd Williams,,2007,2000,
,,Barbara Morgan,,2007,2000,
,,Benjamin Drew,,2007,2000,
Soyuz TMA-11/ISS,Russia,Yury Malenchenko,"Oct. 10, 2007–April 19, 2008 (Oct. 21, 2007 [Sheikh])",2007,2000,"Expedition 16 crew (Whitson, Malenchenko) to ISS; first Malaysian astronaut (Sheikh)"
,,Peggy Whitson,,2007,2000,
,,Sheikh Muszaphar Shukor,,2007,2000,
STS-120 (Discovery)/ISS,U.S.,Pamela Melroy,"Oct. 23–Nov. 7, 2007 (Feb. 20, 2008 [Tani])",2007,2000,added Harmony node to ISS
,,George Zamka,,2007,2000,
,,Scott Parazynski,,2007,2000,
,,Stephanie Wilson,,2007,2000,
,,Douglas Wheelock,,2007,2000,
,,Paolo Nespoli,,2007,2000,
,,Daniel Tani,,2007,2000,
STS-122 (Atlantis)/ISS,U.S.,Stephen Frick,"Feb. 7–20, 2008 (March 26 [Eyharts])",2008,2000,added ESA Columbus laboratory module to ISS
,,Alan Poindexter,,2008,2000,
,,Stanley Love,,2008,2000,
,,Leland Melvin,,2008,2000,
,,Rex Walheim,,2008,2000,
,,Hans Schlegel,,2008,2000,
,,Léopold Eyharts,,2008,2000,
STS-123 (Endeavour)/ISS,U.S.,Dominic Gorie,"March 11–26, 2008 (June 14 [Reisman])",2008,2000,added Canadian robot Dextre to ISS
,,Gregory Johnson,,2008,2000,
,,Robert Behnkne,,2008,2000,
,,Michael Foreman,,2008,2000,
,,Doi Takao,,2008,2000,
,,Richard Linnehan,,2008,2000,
,,Garrett Reisman,,2008,2000,
Soyuz TMA-12/ISS,Russia,Sergey Volkov,"April 8–Oct. 24, 2008 (April 19 [Yi])",2008,2000,"Expedition 17 crew (Volkov, Kononenko) to ISS; first second-generation cosmonaut (Volkov); first Korean astronaut (Yi)"
,,Oleg Kononenko,,2008,2000,
,,Yi Soyeon,,2008,2000,
STS-124 (Discovery)/ISS,U.S.,Mark Kelly,"May 31–June 14, 2008 (Nov. 30 [Chamitoff])",2008,2000,added Japanese Kibo laboratory module to ISS
,,Kenneth Ham,,2008,2000,
,,Karen Nyberg,,2008,2000,
,,Ronald Garan,,2008,2000,
,,Michael Fossum,,2008,2000,
,,Hoshide Akihiko,,2008,2000,
,,Gregory Chamitoff,,2008,2000,
Shenzhou 7,China,Zhai Zigang,"Sept. 25–28, 2008",2008,2000,first Chinese space walk (Zhai)
,,Liu Boming,,2008,2000,
,,Jing Haipeng,,2008,2000,
Soyuz TMA-13/ISS,Russia,Yury Lonchakov,"Oct. 12, 2008–April 8, 2009 (Oct. 24, 2008 [Garriott])",2008,2000,"Expedition 18 crew (Fincke, Lonchakov) to ISS; first second-generation American astronaut (Garriott)"
,,Michael Fincke,,2008,2000,
,,Richard Garriott,,2008,2000,
STS-126 (Endeavour)/ISS,U.S.,Christopher Ferguson,"Nov. 14–30, 2008 (March 28, 2009 [Magnus])",2008,2000,delivered equipment that would allow a six-person crew on the ISS
,,Eric Boe,,2008,2000,
,,Heidemarie Stefanyshyn-Piper,,2008,2000,
,,Donald Pettit,,2008,2000,
,,Stephen Bowen,,2008,2000,
,,Robert Kimbrough,,2008,2000,
,,Sandra Magnus,,2008,2000,
STS-119 (Discovery)/ISS,U.S.,Lee Archambault,"March 15–28, 2009 (July 31 [Wakata])",2009,2000,added final solar array to ISS
,,Dominic Antonelli,,2009,2000,
,,John Phillips,,2009,2000,
,,Steven Swanson,,2009,2000,
,,Joseph Acaba,,2009,2000,
,,Richard Arnold,,2009,2000,
,,Wakata Koichi,,2009,2000,
Soyuz TMA-14/ISS,Russia,Gennadi Padalka,"March 26–Oct. 11, 2009 (April 8 [Simonyi])",2009,2000,"Expeditions 19 and 20 crew (Padalka, Barratt); first repeat space tourist (Simonyi)"
,,Michael Barratt,,2009,2000,
,,Charles Simonyi,,2009,2000,
STS-125 (Atlantis),U.S.,Scott Altman,"May 11–24, 2009",2009,2000,final servicing mission to Hubble Space Telescope
,,Gregory Johnson,,2009,2000,
,,Michael Good,,2009,2000,
,,Katherine McArthur,,2009,2000,
,,John Grunsfeld,,2009,2000,
,,Michael Massimino,,2009,2000,
,,Andrew Feustel,,2009,2000,
Soyuz TMA-15/ISS,Russia,Roman Romanenko,"May 27–Dec. 1, 2009",2009,2000,Expeditions 20 and 21 crew; brought ISS to full crew of six
,,Frank de Winne,,2009,2000,
,,Robert Thirsk,,2009,2000,
STS-127 (Endeavour)/ISS,U.S.,Mark Polansky,"July 15–31, 2009 (Sept. 11 [Kopra])",2009,2000,added facility exposed to space to the Japanese Kibo module
,,Douglas Hurley,,2009,2000,
,,David Wolf,,2009,2000,
,,Julie Payette,,2009,2000,
,,Christopher Cassidy,,2009,2000,
,,Thomas Marshburn,,2009,2000,
,,Timothy Kopra,,2009,2000,
STS-128 (Discovery)/ISS,U.S.,Frederick Sturckow,"Aug. 29–Sept. 11, 2009 (Nov. 27 [Stott])",2009,2000,delivery of ESA-built logistics module Leonardo to ISS
,,Kevin Ford,,2009,2000,
,,Patrick Forrester,,2009,2000,
,,John Olivas,,2009,2000,
,,José Hernández,,2009,2000,
,,Christer Fuglesang,,2009,2000,
,,Nicole Stott,,2009,2000,
Soyuz TMA-16/ISS,Russia,Maksim Suryaev,"Sept. 29, 2009–March 18, 2010 (Oct. 11, 2009 [Laliberté])",2009,2000,"Expeditions 21 and 22 crew (Suryaev, Williams)"
,,Jeffrey Williams,,2009,2000,
,,Guy Laliberté,,2009,2000,
STS-129 (Atlantis)/ISS,U.S.,Charles Hobaugh,"Nov. 16–27, 2009",2009,2000,delivery of spare parts to ISS
,,Barry Wilmore,,2009,2000,
,,Michael Foreman,,2009,2000,
,,Robert Satcher,,2009,2000,
,,Randolph Bresnik,,2009,2000,
,,Leland Melvin,,2009,2000,
Soyuz TMA-17/ISS,Russia,Oleg Kotov,"Dec. 21, 2009–June 2, 2010",2009,2000,Expeditions 22 and 23 crew
,,Noguchi Soichi,,2009,2000,
,,Timothy Creamer,,2009,2000,
STS-130 (Endeavour)/ International Space Station (ISS),U.S.,George Zamka,"February 8–21, 2010",2010,2010,installed Tranquility node on ISS
,,Terry Virts,,2010,2010,
,,Kathryn Hire,,2010,2010,
,,Stephen Robinson,,2010,2010,
,,Robert Behnken,,2010,2010,
,,Nicholas Patrick,,2010,2010,
Soyuz TMA-18/ISS,Russia,Aleksandr Skvortsov,"April 4–September 25, 2010",2010,2010,Expeditions 23 and 24 crew
,,Mikhail Korniyenko,,2010,2010,
,,Tracy Caldwell-Dyson,,2010,2010,
STS-131 (Discovery)/ISS,U.S.,Alan Poindexter,"April 5–20, 2010",2010,2010,delivery of European Space Agency (ESA)-built logistics module Leonardo to ISS
,,"James Dutton, Jr.",,2010,2010,
,,Dorothy Metcalf-Lindenburger,,2010,2010,
,,Stephanie Wilson,,2010,2010,
,,Richard Mastracchio,,2010,2010,
,,Yamazaki Naoko,,2010,2010,
,,Clayton Anderson,,2010,2010,
STS-132 (Atlantis)/ISS,U.S.,Kenneth Ham,"May 14–26, 2010",2010,2010,delivery of Russian-built Mini Research Module to ISS
,,Dominic Antonelli,,2010,2010,
,,Michael Good,,2010,2010,
,,Piers Sellers,,2010,2010,
,,Stephen Bowen,,2010,2010,
,,Garrett Reisman,,2010,2010,
Soyuz TMA-19/ISS,Russia,Fyodor Yurchikhin,"June 16–November 26, 2010",2010,2010,Expeditions 24 and 25 crew
,,Shannon Walker,,2010,2010,
,,Douglas Wheelock,,2010,2010,
Soyuz TMA-01M/ISS,Russia,Aleksandr Kaleri,"October 8, 2010–March 16, 2011",2011,2010,Expeditions 25 and 26 crew
,,Oleg Skripochka,,2011,2010,
,,Scott Kelly,,2011,2010,
Soyuz TMA-20/ISS,Russia,Dmitry Kondratyev,"December 15, 2010–May 24, 2011",2011,2010,Expeditions 26 and 27 crew
,,Paolo Nespoli,,2011,2010,
,,Catherine Coleman,,2011,2010,
STS-133 (Discovery)/ISS,U.S.,Steven Lindsey,"February 24–March 9, 2011",2011,2010,delivery of robot Robonaut 2 and ESA-built Permanent Multipurpose Module to ISS; last flight of Discovery; first astronaut on consecutive shuttle flights (Bowen)
,,Eric Boe,,2011,2010,
,,Benjamin Drew,,2011,2010,
,,Michael Barratt,,2011,2010,
,,Stephen Bowen,,2011,2010,
,,Nicole Stott,,2011,2010,
Soyuz TMA-21/ISS,Russia,Aleksandr Samokutyayev,"April 5–September 16, 2011",2011,2010,Expeditions 27 and 28 crew
,,Andrei Borisenko,,2011,2010,
,,Ronald Garan,,2011,2010,
STS-134 (Endeavour)/ISS,U.S.,Mark Kelly,"May 16–June 1, 2011",2011,2010,delivery of Alpha Magnetic Spectrometer to ISS; last flight of Endeavour
,,Gregory Johnson,,2011,2010,
,,Michael Fincke,,2011,2010,
,,Gregory Chamitoff,,2011,2010,
,,Andrew Feustel,,2011,2010,
,,Roberto Vittori,,2011,2010,
Soyuz TMA-02M/ISS,Russia,Sergey Volkov,"June 7–November 22, 2011",2011,2010,Expeditions 28 and 29 crew
,,Furukawa Satoshi,,2011,2010,
,,Michael Fossum,,2011,2010,
STS-135 (Atlantis)/ISS,U.S.,Christopher Ferguson,"July 8–21, 2011",2011,2010,delivery of ESA-built Permanent Multipurpose Module to ISS; last flight of Atlantis; last space shuttle flight
,,Douglas Hurley,,2011,2010,
,,Sandra Magnus,,2011,2010,
,,Rex Walheim,,2011,2010,
Soyuz TMA-22/ISS,Russia,Anton Shkaplerov,"November 11, 2011–April 27, 2012",2012,2010,Expeditions 29 and 30 crew
,,Anatoly Ivanishin,,2012,2010,
,,Daniel Burbank,,2012,2010,
Soyuz TMA-03M/ISS,Russia,Oleg Kononenko,"December 21, 2011–July 1, 2012",2012,2010,Expeditions 30 and 31 crew
,,André Kuipers,,2012,2010,
,,Donald Pettit,,2012,2010,
Soyuz TMA-04M/ISS,Russia,Gennadi Padalka,"May 15–September 17, 2012",2012,2010,Expeditions 31 and 32 crew
,,Sergey Revin,,2012,2010,
,,Joseph Acaba,,2012,2010,
Shenzhou 9/ Tiangong 1,China,Jing Haipeng,"June 16–29, 2012",2012,2010,First Chinese woman in space (Liu Yang); first manned Chinese space docking
,,Liu Wang,,2012,2010,
,,Liu Yang,,2012,2010,
Soyuz TMA-05M/ISS,Russia,Yury Malenchenko,"July 15–November 19, 2012",2012,2010,Expeditions 32 and 33 crew
,,Sunita Williams,,2012,2010,
,,Hoshide Akihiko,,2012,2010,
Soyuz TMA-06M/ISS,Russia,Oleg Novitsky,"October 23, 2012–March 16, 2013",2013,2010,Expeditions 33 and 34 crew
,,Yevgeny Tarelkin,,2013,2010,
,,Kevin Ford,,2013,2010,
Soyuz TMA-07M/ISS,Russia,Roman Romanenko,"December 19, 2012–May 14, 2013",2013,2010,Expeditions 34 and 35 crew
,,Chris Hadfield,,2013,2010,
,,Thomas Marshburn,,2013,2010,
Soyuz TMA-08M/ISS,Russia,Pavel Vinogradov,"March 28–September 11, 2013",2013,2010,Expeditions 35 and 36 crew
,,Aleksandr Misurkin,,2013,2010,
,,Christopher Cassidy,,2013,2010,
Soyuz TMA-09M/ISS,Russia,Fyodor Yurchikhin,"May 28–November 11, 2013",2013,2010,Expeditions 36 and 37 crew
,,Luca Parmitano,,2013,2010,
,,Karen Nyberg,,2013,2010,
Shenzhou 10/ Tiangong 1,China,Nie Haisheng,"June 11–26, 2013",2013,2010,conducted medical experiments
,,Zhang Xiaoguan,,2013,2010,
,,Wang Yaping,,2013,2010,
Soyuz TMA-10M/ISS,Russia,Oleg Kotov,"September 25, 2013–March 11, 2014",2014,2010,Expeditions 37 and 38 crew
,,Sergey Ryazansky,,2014,2010,
,,Michael Hopkins,,2014,2010,
Soyuz TMA-11M/ISS,Russia,Mikhail Tyurin,"November 7, 2013–May 14, 2014",2014,2010,Expeditions 38 and 39 crew
,,Richard Mastracchio,,2014,2010,
,,Wakata Koichi,,2014,2010,
Soyuz TMA-12M/ISS,Russia,Aleksandr Skvortsov,"March 25–September 9, 2014",2014,2010,Expeditions 39 and 40 crew
,,Oleg Artemyev,,2014,2010,
,,Steven Swanson,,2014,2010,
Soyuz TMA-13M/ISS,Russia,Maksim Surayev,"May 28–November 10, 2014",2014,2010,Expeditions 40 and 41 crew
,,Gregory Wiseman,,2014,2010,
,,Alexander Gerst,,2014,2010,
Soyuz TMA-14M/ISS,Russia,Aleksandr Samokutyayev,"September 25, 2014–March 12, 2015",2015,2010,Expeditions 41 and 42 crew
,,Yelena Serova,,2015,2010,
,,Barry Wilmore,,2015,2010,
Soyuz TMA-15M/ISS,Russia,Anton Shkaplerov,"November 23, 2014–June 11, 2015",2015,2010,Expeditions 42 and 43 crew
,,Samantha Cristoforetti,,2015,2010,
,,Terry Virts,,2015,2010,
Soyuz TMA-16M/ISS,Russia,Gennadi Padalka,"March 27, 2015–March 2, 2016 (–September 12, 2015; Padalka)",2015,2010,"Expeditions 43–46 crew (Expeditions 43 and 44; Padalka); longest spaceflight by an American (Kelly, 340 days); most time spent in space (878 days over 5 flights; Padalka)"
,,Mikhail Korniyenko,,2015,2010,
,,Scott Kelly,,2015,2010,
Soyuz TMA-17M/ISS,Russia,Oleg Kononenko,"July 22–December 11, 2015",2015,2010,Expeditions 44 and 45 crew
,,Yui Kimiya,,2015,2010,
,,Kjell Lindgren,,2015,2010,
Soyuz TMA-18M/ISS,Russia,Sergei Volkov,"September 2–12, 2015 (–March 2, 2016; Volkov)",2015,2010,Expeditions 45 and 46 (Volkov) crew; first Danish astronaut (Mogensen)
,,Andreas Mogensen,,2015,2010,
,,Aydyn Aimbetov,,2015,2010,
Soyuz TMA-19M/ISS,Russia,Yuri Malenchenko,"December 12, 2015–June 18, 2016",2015,2010,Expeditions 46 and 47 crew
,,Timothy Kopra,,2015,2010,
,,Timothy Peake,,2015,2010,
Soyuz TMA-20M/ISS,Russia,Aleksei Ovchinin,"March 18–September 7, 2016",2016,2010,Expeditions 47 and 48 crew
,,Oleg Skripochka,,2016,2010,
,,Jeffrey Williams,,2016,2010,
Soyuz MS-01/ISS,Russia,Anatoli Ivanishin,"July 7–October 30, 2016",2016,2010,Expeditions 48 and 49 crew
,,Onishi Takuya,,2016,2010,
,,Kathleen Rubins,,2016,2010,
Shenzhou 11/Tiangong 2,China,Jing Haipeng,"October 16–November 18, 2016",2016,2010,first crew on Tiangong 2 space station
,,Chen Dong,,2016,2010,
Soyuz MS-02/ISS,Russia,Sergei Ryzhikov,"October 19, 2016–April 10, 2017",2016,2010,Expeditions 49 and 50 crew
,,Andrei Borisenko,,2016,2010,
,,Robert Kimbrough,,2016,2010,
Soyuz MS-03/ISS,Russia,Oleg Novitsky,"November 17, 2016–June 2, 2017 (–September 3, 2017; Whitson)",2016,2010,"Expeditions 50, 51, and 52 (Whitson) crew; longest spaceflight by a woman (289 days, Whitson); most time in space by a woman (665 days over 3 flights, Whitson)"
,,Thomas Pesquet,,2016,2010,
,,Peggy Whitson,,2016,2010,
Soyuz MS-04/ISS,Russia,Fyodor Yuchikhin,"April 20–September 3, 2017",2017,2010,Expeditions 51 and 52 crew
,,Jack Fischer,,2017,2010,
Soyuz MS-05/ISS,Russia,Sergei Ryazansky,"July 28–December 14, 2017",2017,2010,Expeditions 52 and 53 crew
,,Randolph Bresnik,,2017,2010,
,,Paolo Nespoli,,2017,2010,
Soyuz MS-06/ISS,Russia,Aleksandr Misurkin,"September 12, 2017–February 28, 2018",2017,2010,Expeditions 53 and 54 crew
,,Mark Vande Hei,,2017,2010,
,,Joseph Acaba,,2017,2010,
Soyuz MS-07/ISS,Russia,Anton Shkaplerov,"December 17, 2017–June 3, 2018",2017,2010,Expeditions 54 and 55 crew
,,Scott Tingle,,2017,2010,
,,Kanai Norishige,,2017,2010,
Soyuz MS-08/ISS,Russia,Oleg Artemyev,"March 21–October 4, 2018",2018,2010,Expeditions 55 and 56 crew
,,Andrew Feustel,,2018,2010,
,,Richard Arnold,,2018,2010,
Soyuz MS-09/ISS,Russia,Sergei Prokopyev,"June 6–December 20, 2018",2018,2010,Expeditions 56 and 57 crew
,,Alexander Gerst,,2018,2010,
,,Serena Auñón-Chancellor,,2018,2010,
Soyuz MS-10,Russia,Aleksei Ovchinin,11-Oct-18,2018,2010,"Second stage broke up, forcing emergency landing"
,,Nick Hague,,2018,2010,
Soyuz MS-11/ISS,Russia,Oleg Kononenko,"December 3, 2018–June 25, 2019",2018,2010,"Expeditions 57, 58, and 59 crew"
,,David Saint-Jacques,,2018,2010,
,,Anne McClain,,2018,2010,
Soyuz MS-12/ISS,Russia,Aleksei Ovchinin,"March 14, 2019–",2019,2010,"Expeditions 59, 60, and 61 (Koch) crew"
,,Nick Hague,,2019,2010,
,,Christina Koch,,2019,2010,
Soyuz MS-13/ISS,Russia,Aleksandr Skvortsov,"July 20, 2019–",2019,2010,Expeditions 60 and 61 crew
,,Luca Parmitano,,2019,2010,
,,Andrew Morgan,,2019,2010,
Soyuz MS-16/International Space Station (ISS),Russia,Anatoli Ivanishin,"April 9–October 22, 2020",2020,2020,Expeditions 62 and 63 crew
,,Ivan Vagner,,2020,2020,
,,Christopher Cassidy,,2020,2020,
Demo-2/ISS,U.S.,Douglas Hurley,"May 30–August 2, 2020",2020,2020,first crewed flight of Dragon spacecraft; first U.S. launch since 2011
,,Robert Behnken,,2020,2020,
Soyuz MS-17/ISS,Russia,Sergei Ryzhikov,"October 14, 2020–April 17, 2021",2020,2020,Expeditions 63 and 64 crew
,,Sergei Kud-Sverchkov,,2020,2020,
,,Kathleen Rubins,,2020,2020,
Crew-1/ISS,U.S.,Michael Hopkins,"November 15, 2020–May 2, 2021",2020,2020,Expeditions 64 and 65 crew; first operational flight of Dragon spacecraft
,,Victor Glover,,2020,2020,
,,Noguchi Soichi,,2020,2020,
,,Shannon Walker,,2020,2020,
Soyuz MS-18/ISS,Russia,Oleg Novitsky,"April 9, 2021–October 17, 2021 (March 30, 2022 [Dubrov, Vande Hei])",2021,2020,"Expeditions 64, 65, and 66 (Dubrov, Vande Hei) crew; longest spaceflight by an American (Vande Hei, 355 days)"
,,Pyotr Dubrov,,2021,2020,
,,Mark Vande Hei,,2021,2020,
Crew-2/ISS,U.S.,Robert Kimbrough,"April 23–November 9, 2021",2021,2020,Expeditions 65 and 66 crew
,,Katherine McArthur,,2021,2020,
,,Hoshide Akihiko,,2021,2020,
,,Thomas Pesquet,,2021,2020,
Shenzhou 12/Tiangong,China,Nie Haisheng,"June 17–September 17, 2021",2021,2020,first crew of Tiangong space station
,,Liu Boming,,2021,2020,
,,Tang Hongbo,,2021,2020,
Inspiration4,U.S.,Jared Isaacman,"September 16–18, 2021",2021,2020,first spaceflight with only private citizens
,,Sian Proctor,,2021,2020,
,,Hayley Arceneaux,,2021,2020,
,,Christopher Sembroski,,2021,2020,
Soyuz MS-19/ISS,Russia,Anton Shkaplerov,"October 5, 2021–March 30, 2022 (October 17, 2021 [Shipenko, Peresild])",2021,2020,Expeditions 65 and 66 crew (Shkaplerov); director Shipenko and actress Peresild shot scenes for a film on the ISS
,,Klim Shipenko,,2021,2020,
,,Yulia Peresild,,2021,2020,
Shenzhou 13/Tiangong,China,Zhai Zhigang,"October 15, 2021–April 16, 2022",2021,2020,longest Chinese spaceflight (182 days)
,,Wang Yaping,,2021,2020,
,,Ye Guangfu,,2021,2020,
Crew-3/ISS,U.S.,Raja Chari,"November 11, 2021–May 5, 2022",2021,2020,Expeditions 66 and 67 crew
,,Thomas Marshburn,,2021,2020,
,,Matthias Maurer,,2021,2020,
,,Kayla Barron,,2021,2020,
Soyuz MS-20/ISS,Russia,Aleksandr Misurkin,"December 8–20, 2021",2021,2020,"space tourism flight (Maezawa, Hirano)"
,,Maezawa Yusaku,,2021,2020,
,,Hirano Yozo,,2021,2020,
Soyuz MS-21/ISS,Russia,Oleg Artemyev,"March 18, 2022–",2022,2020,Expeditions 66 and 67 crew
,,Denis Matveyev,,2022,2020,
,,Sergei Korsakov,,2022,2020,
Ax-1/ISS,U.S.,Michael Lopez-Alegria,"April 8–25, 2022",2022,2020,first private flight to the ISS
,,Larry Connor,,2022,2020,
,,Mark Pathy,,2022,2020,
,,Eytan Stibbe,,2022,2020,
Crew-4/ISS,U.S.,Kjell Lindgren,"April 27, 2022–",2022,2020,Expedition 67 crew
,,Robert Hines,,2022,2020,
,,Samantha Cristoforetti,,2022,2020,
,,Jessica Watkins,,2022,2020,
Shenzhou 14/Tiangong,China,Chen Dong,"June 5, 2022–",2022,2020,planned addition of two modules to Tiangong
,,Liu Yang,,2022,2020,
,,Cai Xuzhe,,2022,2020,
